バッチ番号,バッチ内連番,レコード連番,スキャナ読取日,ルート,回転フラグ,印鑑照合済フラグ,依頼書種類,店番,科目,口座番号,新店番,新科目,新口座番号,委託者コード,処理区分,書類種別,届出書添付フラグ,届出書作成フラグ,不備コード１１,不備コード１２,不備コード２２,不備コード３１,不備コード３２,不備コード４１,不備コード４２,不備コード５１,不備コード５２,需要家コード,需要家コードフラグ,マイクロフィルム番号,マイクロフィルムコマ番号,イメージファイル名,企業数,顧客数,保留コード１１,保留コード１２,保留コード２１,保留コード２２,保留コード３１,保留コード３２,保留コード４１,保留コード４２,保留コード５１,保留コード５２,保留コメント,受付店,代表返却先,口座名義人漢字,口座名義人名カナ,同一口座別科目あ,印鑑座標X1,印鑑座標Y1,印鑑座標X2,印鑑座標Y2,印鑑種類,印鑑世代,印鑑照合率,印鑑照合オペレー,印鑑照合結果,署名座標X1,署名座標Y1,署名座標X2,署名座標Y2,署名照合オペレータ番号,署名照合結果,SV回数,イメージ解像度,イメージサイズ高,イメージサイズ幅,認識結果,ホスト照会結果,読替情報店番,読替情報科目,読替情報口座,読替情報種類,帳票ID,確認票出力フラグ,オペレーションフラグ,SV理由
001,バッチ内連番,レコード連番,20180430,ルート,回転フラグ,印鑑照合済フラグ,依頼書種類,店番,科目,口座番号,新店番,新科目,新口座番号,1000000001,処理区分,書類種別,届出書添付フラグ,届出書作成フラグ,不備コード１１,不備コード１２,不備コード２２,不備コード３１,不備コード３２,不備コード４１,不備コード４２,不備コード５１,不備コード５２,需要家コード,需要家コードフラグ,マイクロフィルム番号,マイクロフィルムコマ番号,201804301501001.jpg,企業数,顧客数,保留コード１１,保留コード１２,保留コード２１,保留コード２２,保留コード３１,保留コード３２,保留コード４１,保留コード４２,保留コード５１,保留コード５２,保留コメント,受付店,代表返却先,口座名義人漢字,口座名義人名カナ,同一口座別科目あ,印鑑座標X1,印鑑座標Y1,印鑑座標X2,印鑑座標Y2,印鑑種類,印鑑世代,印鑑照合率,印鑑照合オペレー,印鑑照合結果,署名座標X1,署名座標Y1,署名座標X2,署名座標Y2,署名照合オペレータ番号,署名照合結果,SV回数,イメージ解像度,イメージサイズ高,イメージサイズ幅,認識結果,ホスト照会結果,読替情報店番,読替情報科目,読替情報口座,読替情報種類,帳票ID,確認票出力フラグ,オペレーションフラグ,SV理由
001,バッチ内連番,レコード連番,20180430,ルート,回転フラグ,印鑑照合済フラグ,依頼書種類,店番,科目,口座番号,新店番,新科目,新口座番号,1000000002,処理区分,書類種別,届出書添付フラグ,届出書作成フラグ,不備コード１１,不備コード１２,不備コード２２,不備コード３１,不備コード３２,不備コード４１,不備コード４２,不備コード５１,不備コード５２,需要家コード,需要家コードフラグ,マイクロフィルム番号,マイクロフィルムコマ番号,201804301501002.jpg,企業数,顧客数,保留コード１１,保留コード１２,保留コード２１,保留コード２２,保留コード３１,保留コード３２,保留コード４１,保留コード４２,保留コード５１,保留コード５２,保留コメント,受付店,代表返却先,口座名義人漢字,口座名義人名カナ,同一口座別科目あ,印鑑座標X1,印鑑座標Y1,印鑑座標X2,印鑑座標Y2,印鑑種類,印鑑世代,印鑑照合率,印鑑照合オペレー,印鑑照合結果,署名座標X1,署名座標Y1,署名座標X2,署名座標Y2,署名照合オペレータ番号,署名照合結果,SV回数,イメージ解像度,イメージサイズ高,イメージサイズ幅,認識結果,ホスト照会結果,読替情報店番,読替情報科目,読替情報口座,読替情報種類,帳票ID,確認票出力フラグ,オペレーションフラグ,SV理由
001,バッチ内連番,レコード連番,20180430,ルート,回転フラグ,印鑑照合済フラグ,依頼書種類,店番,科目,口座番号,新店番,新科目,新口座番号,1000000003,処理区分,書類種別,届出書添付フラグ,届出書作成フラグ,不備コード１１,不備コード１２,不備コード２２,不備コード３１,不備コード３２,不備コード４１,不備コード４２,不備コード５１,不備コード５２,需要家コード,需要家コードフラグ,マイクロフィルム番号,マイクロフィルムコマ番号,201804301501003.jpg,企業数,顧客数,保留コード１１,保留コード１２,保留コード２１,保留コード２２,保留コード３１,保留コード３２,保留コード４１,保留コード４２,保留コード５１,保留コード５２,保留コメント,受付店,代表返却先,口座名義人漢字,口座名義人名カナ,同一口座別科目あ,印鑑座標X1,印鑑座標Y1,印鑑座標X2,印鑑座標Y2,印鑑種類,印鑑世代,印鑑照合率,印鑑照合オペレー,印鑑照合結果,署名座標X1,署名座標Y1,署名座標X2,署名座標Y2,署名照合オペレータ番号,署名照合結果,SV回数,イメージ解像度,イメージサイズ高,イメージサイズ幅,認識結果,ホスト照会結果,読替情報店番,読替情報科目,読替情報口座,読替情報種類,帳票ID,確認票出力フラグ,オペレーションフラグ,SV理由
001,バッチ内連番,レコード連番,20180430,ルート,回転フラグ,印鑑照合済フラグ,依頼書種類,店番,科目,口座番号,新店番,新科目,新口座番号,1000000004,処理区分,書類種別,届出書添付フラグ,届出書作成フラグ,不備コード１１,不備コード１２,不備コード２２,不備コード３１,不備コード３２,不備コード４１,不備コード４２,不備コード５１,不備コード５２,需要家コード,需要家コードフラグ,マイクロフィルム番号,マイクロフィルムコマ番号,201804301501004.jpg,企業数,顧客数,保留コード１１,保留コード１２,保留コード２１,保留コード２２,保留コード３１,保留コード３２,保留コード４１,保留コード４２,保留コード５１,保留コード５２,保留コメント,受付店,代表返却先,口座名義人漢字,口座名義人名カナ,同一口座別科目あ,印鑑座標X1,印鑑座標Y1,印鑑座標X2,印鑑座標Y2,印鑑種類,印鑑世代,印鑑照合率,印鑑照合オペレー,印鑑照合結果,署名座標X1,署名座標Y1,署名座標X2,署名座標Y2,署名照合オペレータ番号,署名照合結果,SV回数,イメージ解像度,イメージサイズ高,イメージサイズ幅,認識結果,ホスト照会結果,読替情報店番,読替情報科目,読替情報口座,読替情報種類,帳票ID,確認票出力フラグ,オペレーションフラグ,SV理由
001,バッチ内連番,レコード連番,20180430,ルート,回転フラグ,印鑑照合済フラグ,依頼書種類,店番,科目,口座番号,新店番,新科目,新口座番号,1000000005,処理区分,書類種別,届出書添付フラグ,届出書作成フラグ,不備コード１１,不備コード１２,不備コード２２,不備コード３１,不備コード３２,不備コード４１,不備コード４２,不備コード５１,不備コード５２,需要家コード,需要家コードフラグ,マイクロフィルム番号,マイクロフィルムコマ番号,201804301501005.jpg,企業数,顧客数,保留コード１１,保留コード１２,保留コード２１,保留コード２２,保留コード３１,保留コード３２,保留コード４１,保留コード４２,保留コード５１,保留コード５２,保留コメント,受付店,代表返却先,口座名義人漢字,口座名義人名カナ,同一口座別科目あ,印鑑座標X1,印鑑座標Y1,印鑑座標X2,印鑑座標Y2,印鑑種類,印鑑世代,印鑑照合率,印鑑照合オペレー,印鑑照合結果,署名座標X1,署名座標Y1,署名座標X2,署名座標Y2,署名照合オペレータ番号,署名照合結果,SV回数,イメージ解像度,イメージサイズ高,イメージサイズ幅,認識結果,ホスト照会結果,読替情報店番,読替情報科目,読替情報口座,読替情報種類,帳票ID,確認票出力フラグ,オペレーションフラグ,SV理由
001,バッチ内連番,レコード連番,20180430,ルート,回転フラグ,印鑑照合済フラグ,依頼書種類,店番,科目,口座番号,新店番,新科目,新口座番号,1000000006,処理区分,書類種別,届出書添付フラグ,届出書作成フラグ,不備コード１１,不備コード１２,不備コード２２,不備コード３１,不備コード３２,不備コード４１,不備コード４２,不備コード５１,不備コード５２,需要家コード,需要家コードフラグ,マイクロフィルム番号,マイクロフィルムコマ番号,201804301501006.jpg,企業数,顧客数,保留コード１１,保留コード１２,保留コード２１,保留コード２２,保留コード３１,保留コード３２,保留コード４１,保留コード４２,保留コード５１,保留コード５２,保留コメント,受付店,代表返却先,口座名義人漢字,口座名義人名カナ,同一口座別科目あ,印鑑座標X1,印鑑座標Y1,印鑑座標X2,印鑑座標Y2,印鑑種類,印鑑世代,印鑑照合率,印鑑照合オペレー,印鑑照合結果,署名座標X1,署名座標Y1,署名座標X2,署名座標Y2,署名照合オペレータ番号,署名照合結果,SV回数,イメージ解像度,イメージサイズ高,イメージサイズ幅,認識結果,ホスト照会結果,読替情報店番,読替情報科目,読替情報口座,読替情報種類,帳票ID,確認票出力フラグ,オペレーションフラグ,SV理由
001,バッチ内連番,レコード連番,20180430,ルート,回転フラグ,印鑑照合済フラグ,依頼書種類,店番,科目,口座番号,新店番,新科目,新口座番号,1000000007,処理区分,書類種別,届出書添付フラグ,届出書作成フラグ,不備コード１１,不備コード１２,不備コード２２,不備コード３１,不備コード３２,不備コード４１,不備コード４２,不備コード５１,不備コード５２,需要家コード,需要家コードフラグ,マイクロフィルム番号,マイクロフィルムコマ番号,201804301501007.jpg,企業数,顧客数,保留コード１１,保留コード１２,保留コード２１,保留コード２２,保留コード３１,保留コード３２,保留コード４１,保留コード４２,保留コード５１,保留コード５２,保留コメント,受付店,代表返却先,口座名義人漢字,口座名義人名カナ,同一口座別科目あ,印鑑座標X1,印鑑座標Y1,印鑑座標X2,印鑑座標Y2,印鑑種類,印鑑世代,印鑑照合率,印鑑照合オペレー,印鑑照合結果,署名座標X1,署名座標Y1,署名座標X2,署名座標Y2,署名照合オペレータ番号,署名照合結果,SV回数,イメージ解像度,イメージサイズ高,イメージサイズ幅,認識結果,ホスト照会結果,読替情報店番,読替情報科目,読替情報口座,読替情報種類,帳票ID,確認票出力フラグ,オペレーションフラグ,SV理由
001,バッチ内連番,レコード連番,20180430,ルート,回転フラグ,印鑑照合済フラグ,依頼書種類,店番,科目,口座番号,新店番,新科目,新口座番号,1000000008,処理区分,書類種別,届出書添付フラグ,届出書作成フラグ,不備コード１１,不備コード１２,不備コード２２,不備コード３１,不備コード３２,不備コード４１,不備コード４２,不備コード５１,不備コード５２,需要家コード,需要家コードフラグ,マイクロフィルム番号,マイクロフィルムコマ番号,201804301501008.jpg,企業数,顧客数,保留コード１１,保留コード１２,保留コード２１,保留コード２２,保留コード３１,保留コード３２,保留コード４１,保留コード４２,保留コード５１,保留コード５２,保留コメント,受付店,代表返却先,口座名義人漢字,口座名義人名カナ,同一口座別科目あ,印鑑座標X1,印鑑座標Y1,印鑑座標X2,印鑑座標Y2,印鑑種類,印鑑世代,印鑑照合率,印鑑照合オペレー,印鑑照合結果,署名座標X1,署名座標Y1,署名座標X2,署名座標Y2,署名照合オペレータ番号,署名照合結果,SV回数,イメージ解像度,イメージサイズ高,イメージサイズ幅,認識結果,ホスト照会結果,読替情報店番,読替情報科目,読替情報口座,読替情報種類,帳票ID,確認票出力フラグ,オペレーションフラグ,SV理由
001,バッチ内連番,レコード連番,20180430,ルート,回転フラグ,印鑑照合済フラグ,依頼書種類,店番,科目,口座番号,新店番,新科目,新口座番号,1000000009,処理区分,書類種別,届出書添付フラグ,届出書作成フラグ,不備コード１１,不備コード１２,不備コード２２,不備コード３１,不備コード３２,不備コード４１,不備コード４２,不備コード５１,不備コード５２,需要家コード,需要家コードフラグ,マイクロフィルム番号,マイクロフィルムコマ番号,201804301501009.jpg,企業数,顧客数,保留コード１１,保留コード１２,保留コード２１,保留コード２２,保留コード３１,保留コード３２,保留コード４１,保留コード４２,保留コード５１,保留コード５２,保留コメント,受付店,代表返却先,口座名義人漢字,口座名義人名カナ,同一口座別科目あ,印鑑座標X1,印鑑座標Y1,印鑑座標X2,印鑑座標Y2,印鑑種類,印鑑世代,印鑑照合率,印鑑照合オペレー,印鑑照合結果,署名座標X1,署名座標Y1,署名座標X2,署名座標Y2,署名照合オペレータ番号,署名照合結果,SV回数,イメージ解像度,イメージサイズ高,イメージサイズ幅,認識結果,ホスト照会結果,読替情報店番,読替情報科目,読替情報口座,読替情報種類,帳票ID,確認票出力フラグ,オペレーションフラグ,SV理由
001,バッチ内連番,レコード連番,20180430,ルート,回転フラグ,印鑑照合済フラグ,依頼書種類,店番,科目,口座番号,新店番,新科目,新口座番号,1000000010,処理区分,書類種別,届出書添付フラグ,届出書作成フラグ,不備コード１１,不備コード１２,不備コード２２,不備コード３１,不備コード３２,不備コード４１,不備コード４２,不備コード５１,不備コード５２,需要家コード,需要家コードフラグ,マイクロフィルム番号,マイクロフィルムコマ番号,201804301501010.jpg,企業数,顧客数,保留コード１１,保留コード１２,保留コード２１,保留コード２２,保留コード３１,保留コード３２,保留コード４１,保留コード４２,保留コード５１,保留コード５２,保留コメント,受付店,代表返却先,口座名義人漢字,口座名義人名カナ,同一口座別科目あ,印鑑座標X1,印鑑座標Y1,印鑑座標X2,印鑑座標Y2,印鑑種類,印鑑世代,印鑑照合率,印鑑照合オペレー,印鑑照合結果,署名座標X1,署名座標Y1,署名座標X2,署名座標Y2,署名照合オペレータ番号,署名照合結果,SV回数,イメージ解像度,イメージサイズ高,イメージサイズ幅,認識結果,ホスト照会結果,読替情報店番,読替情報科目,読替情報口座,読替情報種類,帳票ID,確認票出力フラグ,オペレーションフラグ,SV理由
001,バッチ内連番,レコード連番,20180430,ルート,回転フラグ,印鑑照合済フラグ,依頼書種類,店番,科目,口座番号,新店番,新科目,新口座番号,1000000011,処理区分,書類種別,届出書添付フラグ,届出書作成フラグ,不備コード１１,不備コード１２,不備コード２２,不備コード３１,不備コード３２,不備コード４１,不備コード４２,不備コード５１,不備コード５２,需要家コード,需要家コードフラグ,マイクロフィルム番号,マイクロフィルムコマ番号,201804301501011.jpg,企業数,顧客数,保留コード１１,保留コード１２,保留コード２１,保留コード２２,保留コード３１,保留コード３２,保留コード４１,保留コード４２,保留コード５１,保留コード５２,保留コメント,受付店,代表返却先,口座名義人漢字,口座名義人名カナ,同一口座別科目あ,印鑑座標X1,印鑑座標Y1,印鑑座標X2,印鑑座標Y2,印鑑種類,印鑑世代,印鑑照合率,印鑑照合オペレー,印鑑照合結果,署名座標X1,署名座標Y1,署名座標X2,署名座標Y2,署名照合オペレータ番号,署名照合結果,SV回数,イメージ解像度,イメージサイズ高,イメージサイズ幅,認識結果,ホスト照会結果,読替情報店番,読替情報科目,読替情報口座,読替情報種類,帳票ID,確認票出力フラグ,オペレーションフラグ,SV理由
001,バッチ内連番,レコード連番,20180430,ルート,回転フラグ,印鑑照合済フラグ,依頼書種類,店番,科目,口座番号,新店番,新科目,新口座番号,1000000012,処理区分,書類種別,届出書添付フラグ,届出書作成フラグ,不備コード１１,不備コード１２,不備コード２２,不備コード３１,不備コード３２,不備コード４１,不備コード４２,不備コード５１,不備コード５２,需要家コード,需要家コードフラグ,マイクロフィルム番号,マイクロフィルムコマ番号,201804301501012.jpg,企業数,顧客数,保留コード１１,保留コード１２,保留コード２１,保留コード２２,保留コード３１,保留コード３２,保留コード４１,保留コード４２,保留コード５１,保留コード５２,保留コメント,受付店,代表返却先,口座名義人漢字,口座名義人名カナ,同一口座別科目あ,印鑑座標X1,印鑑座標Y1,印鑑座標X2,印鑑座標Y2,印鑑種類,印鑑世代,印鑑照合率,印鑑照合オペレー,印鑑照合結果,署名座標X1,署名座標Y1,署名座標X2,署名座標Y2,署名照合オペレータ番号,署名照合結果,SV回数,イメージ解像度,イメージサイズ高,イメージサイズ幅,認識結果,ホスト照会結果,読替情報店番,読替情報科目,読替情報口座,読替情報種類,帳票ID,確認票出力フラグ,オペレーションフラグ,SV理由
001,バッチ内連番,レコード連番,20180430,ルート,回転フラグ,印鑑照合済フラグ,依頼書種類,店番,科目,口座番号,新店番,新科目,新口座番号,1000000013,処理区分,書類種別,届出書添付フラグ,届出書作成フラグ,不備コード１１,不備コード１２,不備コード２２,不備コード３１,不備コード３２,不備コード４１,不備コード４２,不備コード５１,不備コード５２,需要家コード,需要家コードフラグ,マイクロフィルム番号,マイクロフィルムコマ番号,201804301501013.jpg,企業数,顧客数,保留コード１１,保留コード１２,保留コード２１,保留コード２２,保留コード３１,保留コード３２,保留コード４１,保留コード４２,保留コード５１,保留コード５２,保留コメント,受付店,代表返却先,口座名義人漢字,口座名義人名カナ,同一口座別科目あ,印鑑座標X1,印鑑座標Y1,印鑑座標X2,印鑑座標Y2,印鑑種類,印鑑世代,印鑑照合率,印鑑照合オペレー,印鑑照合結果,署名座標X1,署名座標Y1,署名座標X2,署名座標Y2,署名照合オペレータ番号,署名照合結果,SV回数,イメージ解像度,イメージサイズ高,イメージサイズ幅,認識結果,ホスト照会結果,読替情報店番,読替情報科目,読替情報口座,読替情報種類,帳票ID,確認票出力フラグ,オペレーションフラグ,SV理由
001,バッチ内連番,レコード連番,20180430,ルート,回転フラグ,印鑑照合済フラグ,依頼書種類,店番,科目,口座番号,新店番,新科目,新口座番号,1000000014,処理区分,書類種別,届出書添付フラグ,届出書作成フラグ,不備コード１１,不備コード１２,不備コード２２,不備コード３１,不備コード３２,不備コード４１,不備コード４２,不備コード５１,不備コード５２,需要家コード,需要家コードフラグ,マイクロフィルム番号,マイクロフィルムコマ番号,201804301501014.jpg,企業数,顧客数,保留コード１１,保留コード１２,保留コード２１,保留コード２２,保留コード３１,保留コード３２,保留コード４１,保留コード４２,保留コード５１,保留コード５２,保留コメント,受付店,代表返却先,口座名義人漢字,口座名義人名カナ,同一口座別科目あ,印鑑座標X1,印鑑座標Y1,印鑑座標X2,印鑑座標Y2,印鑑種類,印鑑世代,印鑑照合率,印鑑照合オペレー,印鑑照合結果,署名座標X1,署名座標Y1,署名座標X2,署名座標Y2,署名照合オペレータ番号,署名照合結果,SV回数,イメージ解像度,イメージサイズ高,イメージサイズ幅,認識結果,ホスト照会結果,読替情報店番,読替情報科目,読替情報口座,読替情報種類,帳票ID,確認票出力フラグ,オペレーションフラグ,SV理由
001,バッチ内連番,レコード連番,20180430,ルート,回転フラグ,印鑑照合済フラグ,依頼書種類,店番,科目,口座番号,新店番,新科目,新口座番号,1000000015,処理区分,書類種別,届出書添付フラグ,届出書作成フラグ,不備コード１１,不備コード１２,不備コード２２,不備コード３１,不備コード３２,不備コード４１,不備コード４２,不備コード５１,不備コード５２,需要家コード,需要家コードフラグ,マイクロフィルム番号,マイクロフィルムコマ番号,201804301501015.jpg,企業数,顧客数,保留コード１１,保留コード１２,保留コード２１,保留コード２２,保留コード３１,保留コード３２,保留コード４１,保留コード４２,保留コード５１,保留コード５２,保留コメント,受付店,代表返却先,口座名義人漢字,口座名義人名カナ,同一口座別科目あ,印鑑座標X1,印鑑座標Y1,印鑑座標X2,印鑑座標Y2,印鑑種類,印鑑世代,印鑑照合率,印鑑照合オペレー,印鑑照合結果,署名座標X1,署名座標Y1,署名座標X2,署名座標Y2,署名照合オペレータ番号,署名照合結果,SV回数,イメージ解像度,イメージサイズ高,イメージサイズ幅,認識結果,ホスト照会結果,読替情報店番,読替情報科目,読替情報口座,読替情報種類,帳票ID,確認票出力フラグ,オペレーションフラグ,SV理由
001,バッチ内連番,レコード連番,20180430,ルート,回転フラグ,印鑑照合済フラグ,依頼書種類,店番,科目,口座番号,新店番,新科目,新口座番号,1000000016,処理区分,書類種別,届出書添付フラグ,届出書作成フラグ,不備コード１１,不備コード１２,不備コード２２,不備コード３１,不備コード３２,不備コード４１,不備コード４２,不備コード５１,不備コード５２,需要家コード,需要家コードフラグ,マイクロフィルム番号,マイクロフィルムコマ番号,201804301501016.jpg,企業数,顧客数,保留コード１１,保留コード１２,保留コード２１,保留コード２２,保留コード３１,保留コード３２,保留コード４１,保留コード４２,保留コード５１,保留コード５２,保留コメント,受付店,代表返却先,口座名義人漢字,口座名義人名カナ,同一口座別科目あ,印鑑座標X1,印鑑座標Y1,印鑑座標X2,印鑑座標Y2,印鑑種類,印鑑世代,印鑑照合率,印鑑照合オペレー,印鑑照合結果,署名座標X1,署名座標Y1,署名座標X2,署名座標Y2,署名照合オペレータ番号,署名照合結果,SV回数,イメージ解像度,イメージサイズ高,イメージサイズ幅,認識結果,ホスト照会結果,読替情報店番,読替情報科目,読替情報口座,読替情報種類,帳票ID,確認票出力フラグ,オペレーションフラグ,SV理由
001,バッチ内連番,レコード連番,20180430,ルート,回転フラグ,印鑑照合済フラグ,依頼書種類,店番,科目,口座番号,新店番,新科目,新口座番号,1000000017,処理区分,書類種別,届出書添付フラグ,届出書作成フラグ,不備コード１１,不備コード１２,不備コード２２,不備コード３１,不備コード３２,不備コード４１,不備コード４２,不備コード５１,不備コード５２,需要家コード,需要家コードフラグ,マイクロフィルム番号,マイクロフィルムコマ番号,201804301501017.jpg,企業数,顧客数,保留コード１１,保留コード１２,保留コード２１,保留コード２２,保留コード３１,保留コード３２,保留コード４１,保留コード４２,保留コード５１,保留コード５２,保留コメント,受付店,代表返却先,口座名義人漢字,口座名義人名カナ,同一口座別科目あ,印鑑座標X1,印鑑座標Y1,印鑑座標X2,印鑑座標Y2,印鑑種類,印鑑世代,印鑑照合率,印鑑照合オペレー,印鑑照合結果,署名座標X1,署名座標Y1,署名座標X2,署名座標Y2,署名照合オペレータ番号,署名照合結果,SV回数,イメージ解像度,イメージサイズ高,イメージサイズ幅,認識結果,ホスト照会結果,読替情報店番,読替情報科目,読替情報口座,読替情報種類,帳票ID,確認票出力フラグ,オペレーションフラグ,SV理由
001,バッチ内連番,レコード連番,20180430,ルート,回転フラグ,印鑑照合済フラグ,依頼書種類,店番,科目,口座番号,新店番,新科目,新口座番号,1000000018,処理区分,書類種別,届出書添付フラグ,届出書作成フラグ,不備コード１１,不備コード１２,不備コード２２,不備コード３１,不備コード３２,不備コード４１,不備コード４２,不備コード５１,不備コード５２,需要家コード,需要家コードフラグ,マイクロフィルム番号,マイクロフィルムコマ番号,201804301501018.jpg,企業数,顧客数,保留コード１１,保留コード１２,保留コード２１,保留コード２２,保留コード３１,保留コード３２,保留コード４１,保留コード４２,保留コード５１,保留コード５２,保留コメント,受付店,代表返却先,口座名義人漢字,口座名義人名カナ,同一口座別科目あ,印鑑座標X1,印鑑座標Y1,印鑑座標X2,印鑑座標Y2,印鑑種類,印鑑世代,印鑑照合率,印鑑照合オペレー,印鑑照合結果,署名座標X1,署名座標Y1,署名座標X2,署名座標Y2,署名照合オペレータ番号,署名照合結果,SV回数,イメージ解像度,イメージサイズ高,イメージサイズ幅,認識結果,ホスト照会結果,読替情報店番,読替情報科目,読替情報口座,読替情報種類,帳票ID,確認票出力フラグ,オペレーションフラグ,SV理由
001,バッチ内連番,レコード連番,20180430,ルート,回転フラグ,印鑑照合済フラグ,依頼書種類,店番,科目,口座番号,新店番,新科目,新口座番号,1000000019,処理区分,書類種別,届出書添付フラグ,届出書作成フラグ,不備コード１１,不備コード１２,不備コード２２,不備コード３１,不備コード３２,不備コード４１,不備コード４２,不備コード５１,不備コード５２,需要家コード,需要家コードフラグ,マイクロフィルム番号,マイクロフィルムコマ番号,201804301501019.jpg,企業数,顧客数,保留コード１１,保留コード１２,保留コード２１,保留コード２２,保留コード３１,保留コード３２,保留コード４１,保留コード４２,保留コード５１,保留コード５２,保留コメント,受付店,代表返却先,口座名義人漢字,口座名義人名カナ,同一口座別科目あ,印鑑座標X1,印鑑座標Y1,印鑑座標X2,印鑑座標Y2,印鑑種類,印鑑世代,印鑑照合率,印鑑照合オペレー,印鑑照合結果,署名座標X1,署名座標Y1,署名座標X2,署名座標Y2,署名照合オペレータ番号,署名照合結果,SV回数,イメージ解像度,イメージサイズ高,イメージサイズ幅,認識結果,ホスト照会結果,読替情報店番,読替情報科目,読替情報口座,読替情報種類,帳票ID,確認票出力フラグ,オペレーションフラグ,SV理由
001,バッチ内連番,レコード連番,20180430,ルート,回転フラグ,印鑑照合済フラグ,依頼書種類,店番,科目,口座番号,新店番,新科目,新口座番号,1000000020,処理区分,書類種別,届出書添付フラグ,届出書作成フラグ,不備コード１１,不備コード１２,不備コード２２,不備コード３１,不備コード３２,不備コード４１,不備コード４２,不備コード５１,不備コード５２,需要家コード,需要家コードフラグ,マイクロフィルム番号,マイクロフィルムコマ番号,201804301501020.jpg,企業数,顧客数,保留コード１１,保留コード１２,保留コード２１,保留コード２２,保留コード３１,保留コード３２,保留コード４１,保留コード４２,保留コード５１,保留コード５２,保留コメント,受付店,代表返却先,口座名義人漢字,口座名義人名カナ,同一口座別科目あ,印鑑座標X1,印鑑座標Y1,印鑑座標X2,印鑑座標Y2,印鑑種類,印鑑世代,印鑑照合率,印鑑照合オペレー,印鑑照合結果,署名座標X1,署名座標Y1,署名座標X2,署名座標Y2,署名照合オペレータ番号,署名照合結果,SV回数,イメージ解像度,イメージサイズ高,イメージサイズ幅,認識結果,ホスト照会結果,読替情報店番,読替情報科目,読替情報口座,読替情報種類,帳票ID,確認票出力フラグ,オペレーションフラグ,SV理由
001,バッチ内連番,レコード連番,20180430,ルート,回転フラグ,印鑑照合済フラグ,依頼書種類,店番,科目,口座番号,新店番,新科目,新口座番号,1000000021,処理区分,書類種別,届出書添付フラグ,届出書作成フラグ,不備コード１１,不備コード１２,不備コード２２,不備コード３１,不備コード３２,不備コード４１,不備コード４２,不備コード５１,不備コード５２,需要家コード,需要家コードフラグ,マイクロフィルム番号,マイクロフィルムコマ番号,201804301501021.jpg,企業数,顧客数,保留コード１１,保留コード１２,保留コード２１,保留コード２２,保留コード３１,保留コード３２,保留コード４１,保留コード４２,保留コード５１,保留コード５２,保留コメント,受付店,代表返却先,口座名義人漢字,口座名義人名カナ,同一口座別科目あ,印鑑座標X1,印鑑座標Y1,印鑑座標X2,印鑑座標Y2,印鑑種類,印鑑世代,印鑑照合率,印鑑照合オペレー,印鑑照合結果,署名座標X1,署名座標Y1,署名座標X2,署名座標Y2,署名照合オペレータ番号,署名照合結果,SV回数,イメージ解像度,イメージサイズ高,イメージサイズ幅,認識結果,ホスト照会結果,読替情報店番,読替情報科目,読替情報口座,読替情報種類,帳票ID,確認票出力フラグ,オペレーションフラグ,SV理由
001,バッチ内連番,レコード連番,20180430,ルート,回転フラグ,印鑑照合済フラグ,依頼書種類,店番,科目,口座番号,新店番,新科目,新口座番号,1000000022,処理区分,書類種別,届出書添付フラグ,届出書作成フラグ,不備コード１１,不備コード１２,不備コード２２,不備コード３１,不備コード３２,不備コード４１,不備コード４２,不備コード５１,不備コード５２,需要家コード,需要家コードフラグ,マイクロフィルム番号,マイクロフィルムコマ番号,201804301501022.jpg,企業数,顧客数,保留コード１１,保留コード１２,保留コード２１,保留コード２２,保留コード３１,保留コード３２,保留コード４１,保留コード４２,保留コード５１,保留コード５２,保留コメント,受付店,代表返却先,口座名義人漢字,口座名義人名カナ,同一口座別科目あ,印鑑座標X1,印鑑座標Y1,印鑑座標X2,印鑑座標Y2,印鑑種類,印鑑世代,印鑑照合率,印鑑照合オペレー,印鑑照合結果,署名座標X1,署名座標Y1,署名座標X2,署名座標Y2,署名照合オペレータ番号,署名照合結果,SV回数,イメージ解像度,イメージサイズ高,イメージサイズ幅,認識結果,ホスト照会結果,読替情報店番,読替情報科目,読替情報口座,読替情報種類,帳票ID,確認票出力フラグ,オペレーションフラグ,SV理由
001,バッチ内連番,レコード連番,20180430,ルート,回転フラグ,印鑑照合済フラグ,依頼書種類,店番,科目,口座番号,新店番,新科目,新口座番号,1000000023,処理区分,書類種別,届出書添付フラグ,届出書作成フラグ,不備コード１１,不備コード１２,不備コード２２,不備コード３１,不備コード３２,不備コード４１,不備コード４２,不備コード５１,不備コード５２,需要家コード,需要家コードフラグ,マイクロフィルム番号,マイクロフィルムコマ番号,201804301501023.jpg,企業数,顧客数,保留コード１１,保留コード１２,保留コード２１,保留コード２２,保留コード３１,保留コード３２,保留コード４１,保留コード４２,保留コード５１,保留コード５２,保留コメント,受付店,代表返却先,口座名義人漢字,口座名義人名カナ,同一口座別科目あ,印鑑座標X1,印鑑座標Y1,印鑑座標X2,印鑑座標Y2,印鑑種類,印鑑世代,印鑑照合率,印鑑照合オペレー,印鑑照合結果,署名座標X1,署名座標Y1,署名座標X2,署名座標Y2,署名照合オペレータ番号,署名照合結果,SV回数,イメージ解像度,イメージサイズ高,イメージサイズ幅,認識結果,ホスト照会結果,読替情報店番,読替情報科目,読替情報口座,読替情報種類,帳票ID,確認票出力フラグ,オペレーションフラグ,SV理由
001,バッチ内連番,レコード連番,20180430,ルート,回転フラグ,印鑑照合済フラグ,依頼書種類,店番,科目,口座番号,新店番,新科目,新口座番号,1000000024,処理区分,書類種別,届出書添付フラグ,届出書作成フラグ,不備コード１１,不備コード１２,不備コード２２,不備コード３１,不備コード３２,不備コード４１,不備コード４２,不備コード５１,不備コード５２,需要家コード,需要家コードフラグ,マイクロフィルム番号,マイクロフィルムコマ番号,201804301501024.jpg,企業数,顧客数,保留コード１１,保留コード１２,保留コード２１,保留コード２２,保留コード３１,保留コード３２,保留コード４１,保留コード４２,保留コード５１,保留コード５２,保留コメント,受付店,代表返却先,口座名義人漢字,口座名義人名カナ,同一口座別科目あ,印鑑座標X1,印鑑座標Y1,印鑑座標X2,印鑑座標Y2,印鑑種類,印鑑世代,印鑑照合率,印鑑照合オペレー,印鑑照合結果,署名座標X1,署名座標Y1,署名座標X2,署名座標Y2,署名照合オペレータ番号,署名照合結果,SV回数,イメージ解像度,イメージサイズ高,イメージサイズ幅,認識結果,ホスト照会結果,読替情報店番,読替情報科目,読替情報口座,読替情報種類,帳票ID,確認票出力フラグ,オペレーションフラグ,SV理由
001,バッチ内連番,レコード連番,20180430,ルート,回転フラグ,印鑑照合済フラグ,依頼書種類,店番,科目,口座番号,新店番,新科目,新口座番号,1000000025,処理区分,書類種別,届出書添付フラグ,届出書作成フラグ,不備コード１１,不備コード１２,不備コード２２,不備コード３１,不備コード３２,不備コード４１,不備コード４２,不備コード５１,不備コード５２,需要家コード,需要家コードフラグ,マイクロフィルム番号,マイクロフィルムコマ番号,201804301501025.jpg,企業数,顧客数,保留コード１１,保留コード１２,保留コード２１,保留コード２２,保留コード３１,保留コード３２,保留コード４１,保留コード４２,保留コード５１,保留コード５２,保留コメント,受付店,代表返却先,口座名義人漢字,口座名義人名カナ,同一口座別科目あ,印鑑座標X1,印鑑座標Y1,印鑑座標X2,印鑑座標Y2,印鑑種類,印鑑世代,印鑑照合率,印鑑照合オペレー,印鑑照合結果,署名座標X1,署名座標Y1,署名座標X2,署名座標Y2,署名照合オペレータ番号,署名照合結果,SV回数,イメージ解像度,イメージサイズ高,イメージサイズ幅,認識結果,ホスト照会結果,読替情報店番,読替情報科目,読替情報口座,読替情報種類,帳票ID,確認票出力フラグ,オペレーションフラグ,SV理由
001,バッチ内連番,レコード連番,20180430,ルート,回転フラグ,印鑑照合済フラグ,依頼書種類,店番,科目,口座番号,新店番,新科目,新口座番号,1000000026,処理区分,書類種別,届出書添付フラグ,届出書作成フラグ,不備コード１１,不備コード１２,不備コード２２,不備コード３１,不備コード３２,不備コード４１,不備コード４２,不備コード５１,不備コード５２,需要家コード,需要家コードフラグ,マイクロフィルム番号,マイクロフィルムコマ番号,201804301501026.jpg,企業数,顧客数,保留コード１１,保留コード１２,保留コード２１,保留コード２２,保留コード３１,保留コード３２,保留コード４１,保留コード４２,保留コード５１,保留コード５２,保留コメント,受付店,代表返却先,口座名義人漢字,口座名義人名カナ,同一口座別科目あ,印鑑座標X1,印鑑座標Y1,印鑑座標X2,印鑑座標Y2,印鑑種類,印鑑世代,印鑑照合率,印鑑照合オペレー,印鑑照合結果,署名座標X1,署名座標Y1,署名座標X2,署名座標Y2,署名照合オペレータ番号,署名照合結果,SV回数,イメージ解像度,イメージサイズ高,イメージサイズ幅,認識結果,ホスト照会結果,読替情報店番,読替情報科目,読替情報口座,読替情報種類,帳票ID,確認票出力フラグ,オペレーションフラグ,SV理由
001,バッチ内連番,レコード連番,20180430,ルート,回転フラグ,印鑑照合済フラグ,依頼書種類,店番,科目,口座番号,新店番,新科目,新口座番号,1000000027,処理区分,書類種別,届出書添付フラグ,届出書作成フラグ,不備コード１１,不備コード１２,不備コード２２,不備コード３１,不備コード３２,不備コード４１,不備コード４２,不備コード５１,不備コード５２,需要家コード,需要家コードフラグ,マイクロフィルム番号,マイクロフィルムコマ番号,201804301501027.jpg,企業数,顧客数,保留コード１１,保留コード１２,保留コード２１,保留コード２２,保留コード３１,保留コード３２,保留コード４１,保留コード４２,保留コード５１,保留コード５２,保留コメント,受付店,代表返却先,口座名義人漢字,口座名義人名カナ,同一口座別科目あ,印鑑座標X1,印鑑座標Y1,印鑑座標X2,印鑑座標Y2,印鑑種類,印鑑世代,印鑑照合率,印鑑照合オペレー,印鑑照合結果,署名座標X1,署名座標Y1,署名座標X2,署名座標Y2,署名照合オペレータ番号,署名照合結果,SV回数,イメージ解像度,イメージサイズ高,イメージサイズ幅,認識結果,ホスト照会結果,読替情報店番,読替情報科目,読替情報口座,読替情報種類,帳票ID,確認票出力フラグ,オペレーションフラグ,SV理由
001,バッチ内連番,レコード連番,20180430,ルート,回転フラグ,印鑑照合済フラグ,依頼書種類,店番,科目,口座番号,新店番,新科目,新口座番号,1000000028,処理区分,書類種別,届出書添付フラグ,届出書作成フラグ,不備コード１１,不備コード１２,不備コード２２,不備コード３１,不備コード３２,不備コード４１,不備コード４２,不備コード５１,不備コード５２,需要家コード,需要家コードフラグ,マイクロフィルム番号,マイクロフィルムコマ番号,201804301501028.jpg,企業数,顧客数,保留コード１１,保留コード１２,保留コード２１,保留コード２２,保留コード３１,保留コード３２,保留コード４１,保留コード４２,保留コード５１,保留コード５２,保留コメント,受付店,代表返却先,口座名義人漢字,口座名義人名カナ,同一口座別科目あ,印鑑座標X1,印鑑座標Y1,印鑑座標X2,印鑑座標Y2,印鑑種類,印鑑世代,印鑑照合率,印鑑照合オペレー,印鑑照合結果,署名座標X1,署名座標Y1,署名座標X2,署名座標Y2,署名照合オペレータ番号,署名照合結果,SV回数,イメージ解像度,イメージサイズ高,イメージサイズ幅,認識結果,ホスト照会結果,読替情報店番,読替情報科目,読替情報口座,読替情報種類,帳票ID,確認票出力フラグ,オペレーションフラグ,SV理由
001,バッチ内連番,レコード連番,20180430,ルート,回転フラグ,印鑑照合済フラグ,依頼書種類,店番,科目,口座番号,新店番,新科目,新口座番号,1000000029,処理区分,書類種別,届出書添付フラグ,届出書作成フラグ,不備コード１１,不備コード１２,不備コード２２,不備コード３１,不備コード３２,不備コード４１,不備コード４２,不備コード５１,不備コード５２,需要家コード,需要家コードフラグ,マイクロフィルム番号,マイクロフィルムコマ番号,201804301501029.jpg,企業数,顧客数,保留コード１１,保留コード１２,保留コード２１,保留コード２２,保留コード３１,保留コード３２,保留コード４１,保留コード４２,保留コード５１,保留コード５２,保留コメント,受付店,代表返却先,口座名義人漢字,口座名義人名カナ,同一口座別科目あ,印鑑座標X1,印鑑座標Y1,印鑑座標X2,印鑑座標Y2,印鑑種類,印鑑世代,印鑑照合率,印鑑照合オペレー,印鑑照合結果,署名座標X1,署名座標Y1,署名座標X2,署名座標Y2,署名照合オペレータ番号,署名照合結果,SV回数,イメージ解像度,イメージサイズ高,イメージサイズ幅,認識結果,ホスト照会結果,読替情報店番,読替情報科目,読替情報口座,読替情報種類,帳票ID,確認票出力フラグ,オペレーションフラグ,SV理由
001,バッチ内連番,レコード連番,20180430,ルート,回転フラグ,印鑑照合済フラグ,依頼書種類,店番,科目,口座番号,新店番,新科目,新口座番号,1000000030,処理区分,書類種別,届出書添付フラグ,届出書作成フラグ,不備コード１１,不備コード１２,不備コード２２,不備コード３１,不備コード３２,不備コード４１,不備コード４２,不備コード５１,不備コード５２,需要家コード,需要家コードフラグ,マイクロフィルム番号,マイクロフィルムコマ番号,201804301501030.jpg,企業数,顧客数,保留コード１１,保留コード１２,保留コード２１,保留コード２２,保留コード３１,保留コード３２,保留コード４１,保留コード４２,保留コード５１,保留コード５２,保留コメント,受付店,代表返却先,口座名義人漢字,口座名義人名カナ,同一口座別科目あ,印鑑座標X1,印鑑座標Y1,印鑑座標X2,印鑑座標Y2,印鑑種類,印鑑世代,印鑑照合率,印鑑照合オペレー,印鑑照合結果,署名座標X1,署名座標Y1,署名座標X2,署名座標Y2,署名照合オペレータ番号,署名照合結果,SV回数,イメージ解像度,イメージサイズ高,イメージサイズ幅,認識結果,ホスト照会結果,読替情報店番,読替情報科目,読替情報口座,読替情報種類,帳票ID,確認票出力フラグ,オペレーションフラグ,SV理由
001,バッチ内連番,レコード連番,20180430,ルート,回転フラグ,印鑑照合済フラグ,依頼書種類,店番,科目,口座番号,新店番,新科目,新口座番号,1000000031,処理区分,書類種別,届出書添付フラグ,届出書作成フラグ,不備コード１１,不備コード１２,不備コード２２,不備コード３１,不備コード３２,不備コード４１,不備コード４２,不備コード５１,不備コード５２,需要家コード,需要家コードフラグ,マイクロフィルム番号,マイクロフィルムコマ番号,201804301501031.jpg,企業数,顧客数,保留コード１１,保留コード１２,保留コード２１,保留コード２２,保留コード３１,保留コード３２,保留コード４１,保留コード４２,保留コード５１,保留コード５２,保留コメント,受付店,代表返却先,口座名義人漢字,口座名義人名カナ,同一口座別科目あ,印鑑座標X1,印鑑座標Y1,印鑑座標X2,印鑑座標Y2,印鑑種類,印鑑世代,印鑑照合率,印鑑照合オペレー,印鑑照合結果,署名座標X1,署名座標Y1,署名座標X2,署名座標Y2,署名照合オペレータ番号,署名照合結果,SV回数,イメージ解像度,イメージサイズ高,イメージサイズ幅,認識結果,ホスト照会結果,読替情報店番,読替情報科目,読替情報口座,読替情報種類,帳票ID,確認票出力フラグ,オペレーションフラグ,SV理由
001,バッチ内連番,レコード連番,20180430,ルート,回転フラグ,印鑑照合済フラグ,依頼書種類,店番,科目,口座番号,新店番,新科目,新口座番号,1000000032,処理区分,書類種別,届出書添付フラグ,届出書作成フラグ,不備コード１１,不備コード１２,不備コード２２,不備コード３１,不備コード３２,不備コード４１,不備コード４２,不備コード５１,不備コード５２,需要家コード,需要家コードフラグ,マイクロフィルム番号,マイクロフィルムコマ番号,201804301501032.jpg,企業数,顧客数,保留コード１１,保留コード１２,保留コード２１,保留コード２２,保留コード３１,保留コード３２,保留コード４１,保留コード４２,保留コード５１,保留コード５２,保留コメント,受付店,代表返却先,口座名義人漢字,口座名義人名カナ,同一口座別科目あ,印鑑座標X1,印鑑座標Y1,印鑑座標X2,印鑑座標Y2,印鑑種類,印鑑世代,印鑑照合率,印鑑照合オペレー,印鑑照合結果,署名座標X1,署名座標Y1,署名座標X2,署名座標Y2,署名照合オペレータ番号,署名照合結果,SV回数,イメージ解像度,イメージサイズ高,イメージサイズ幅,認識結果,ホスト照会結果,読替情報店番,読替情報科目,読替情報口座,読替情報種類,帳票ID,確認票出力フラグ,オペレーションフラグ,SV理由
001,バッチ内連番,レコード連番,20180430,ルート,回転フラグ,印鑑照合済フラグ,依頼書種類,店番,科目,口座番号,新店番,新科目,新口座番号,1000000033,処理区分,書類種別,届出書添付フラグ,届出書作成フラグ,不備コード１１,不備コード１２,不備コード２２,不備コード３１,不備コード３２,不備コード４１,不備コード４２,不備コード５１,不備コード５２,需要家コード,需要家コードフラグ,マイクロフィルム番号,マイクロフィルムコマ番号,201804301501033.jpg,企業数,顧客数,保留コード１１,保留コード１２,保留コード２１,保留コード２２,保留コード３１,保留コード３２,保留コード４１,保留コード４２,保留コード５１,保留コード５２,保留コメント,受付店,代表返却先,口座名義人漢字,口座名義人名カナ,同一口座別科目あ,印鑑座標X1,印鑑座標Y1,印鑑座標X2,印鑑座標Y2,印鑑種類,印鑑世代,印鑑照合率,印鑑照合オペレー,印鑑照合結果,署名座標X1,署名座標Y1,署名座標X2,署名座標Y2,署名照合オペレータ番号,署名照合結果,SV回数,イメージ解像度,イメージサイズ高,イメージサイズ幅,認識結果,ホスト照会結果,読替情報店番,読替情報科目,読替情報口座,読替情報種類,帳票ID,確認票出力フラグ,オペレーションフラグ,SV理由
001,バッチ内連番,レコード連番,20180430,ルート,回転フラグ,印鑑照合済フラグ,依頼書種類,店番,科目,口座番号,新店番,新科目,新口座番号,1000000034,処理区分,書類種別,届出書添付フラグ,届出書作成フラグ,不備コード１１,不備コード１２,不備コード２２,不備コード３１,不備コード３２,不備コード４１,不備コード４２,不備コード５１,不備コード５２,需要家コード,需要家コードフラグ,マイクロフィルム番号,マイクロフィルムコマ番号,201804301501034.jpg,企業数,顧客数,保留コード１１,保留コード１２,保留コード２１,保留コード２２,保留コード３１,保留コード３２,保留コード４１,保留コード４２,保留コード５１,保留コード５２,保留コメント,受付店,代表返却先,口座名義人漢字,口座名義人名カナ,同一口座別科目あ,印鑑座標X1,印鑑座標Y1,印鑑座標X2,印鑑座標Y2,印鑑種類,印鑑世代,印鑑照合率,印鑑照合オペレー,印鑑照合結果,署名座標X1,署名座標Y1,署名座標X2,署名座標Y2,署名照合オペレータ番号,署名照合結果,SV回数,イメージ解像度,イメージサイズ高,イメージサイズ幅,認識結果,ホスト照会結果,読替情報店番,読替情報科目,読替情報口座,読替情報種類,帳票ID,確認票出力フラグ,オペレーションフラグ,SV理由
001,バッチ内連番,レコード連番,20180430,ルート,回転フラグ,印鑑照合済フラグ,依頼書種類,店番,科目,口座番号,新店番,新科目,新口座番号,1000000035,処理区分,書類種別,届出書添付フラグ,届出書作成フラグ,不備コード１１,不備コード１２,不備コード２２,不備コード３１,不備コード３２,不備コード４１,不備コード４２,不備コード５１,不備コード５２,需要家コード,需要家コードフラグ,マイクロフィルム番号,マイクロフィルムコマ番号,201804301501035.jpg,企業数,顧客数,保留コード１１,保留コード１２,保留コード２１,保留コード２２,保留コード３１,保留コード３２,保留コード４１,保留コード４２,保留コード５１,保留コード５２,保留コメント,受付店,代表返却先,口座名義人漢字,口座名義人名カナ,同一口座別科目あ,印鑑座標X1,印鑑座標Y1,印鑑座標X2,印鑑座標Y2,印鑑種類,印鑑世代,印鑑照合率,印鑑照合オペレー,印鑑照合結果,署名座標X1,署名座標Y1,署名座標X2,署名座標Y2,署名照合オペレータ番号,署名照合結果,SV回数,イメージ解像度,イメージサイズ高,イメージサイズ幅,認識結果,ホスト照会結果,読替情報店番,読替情報科目,読替情報口座,読替情報種類,帳票ID,確認票出力フラグ,オペレーションフラグ,SV理由
001,バッチ内連番,レコード連番,20180430,ルート,回転フラグ,印鑑照合済フラグ,依頼書種類,店番,科目,口座番号,新店番,新科目,新口座番号,1000000036,処理区分,書類種別,届出書添付フラグ,届出書作成フラグ,不備コード１１,不備コード１２,不備コード２２,不備コード３１,不備コード３２,不備コード４１,不備コード４２,不備コード５１,不備コード５２,需要家コード,需要家コードフラグ,マイクロフィルム番号,マイクロフィルムコマ番号,201804301501036.jpg,企業数,顧客数,保留コード１１,保留コード１２,保留コード２１,保留コード２２,保留コード３１,保留コード３２,保留コード４１,保留コード４２,保留コード５１,保留コード５２,保留コメント,受付店,代表返却先,口座名義人漢字,口座名義人名カナ,同一口座別科目あ,印鑑座標X1,印鑑座標Y1,印鑑座標X2,印鑑座標Y2,印鑑種類,印鑑世代,印鑑照合率,印鑑照合オペレー,印鑑照合結果,署名座標X1,署名座標Y1,署名座標X2,署名座標Y2,署名照合オペレータ番号,署名照合結果,SV回数,イメージ解像度,イメージサイズ高,イメージサイズ幅,認識結果,ホスト照会結果,読替情報店番,読替情報科目,読替情報口座,読替情報種類,帳票ID,確認票出力フラグ,オペレーションフラグ,SV理由
001,バッチ内連番,レコード連番,20180430,ルート,回転フラグ,印鑑照合済フラグ,依頼書種類,店番,科目,口座番号,新店番,新科目,新口座番号,1000000037,処理区分,書類種別,届出書添付フラグ,届出書作成フラグ,不備コード１１,不備コード１２,不備コード２２,不備コード３１,不備コード３２,不備コード４１,不備コード４２,不備コード５１,不備コード５２,需要家コード,需要家コードフラグ,マイクロフィルム番号,マイクロフィルムコマ番号,201804301501037.jpg,企業数,顧客数,保留コード１１,保留コード１２,保留コード２１,保留コード２２,保留コード３１,保留コード３２,保留コード４１,保留コード４２,保留コード５１,保留コード５２,保留コメント,受付店,代表返却先,口座名義人漢字,口座名義人名カナ,同一口座別科目あ,印鑑座標X1,印鑑座標Y1,印鑑座標X2,印鑑座標Y2,印鑑種類,印鑑世代,印鑑照合率,印鑑照合オペレー,印鑑照合結果,署名座標X1,署名座標Y1,署名座標X2,署名座標Y2,署名照合オペレータ番号,署名照合結果,SV回数,イメージ解像度,イメージサイズ高,イメージサイズ幅,認識結果,ホスト照会結果,読替情報店番,読替情報科目,読替情報口座,読替情報種類,帳票ID,確認票出力フラグ,オペレーションフラグ,SV理由
001,バッチ内連番,レコード連番,20180430,ルート,回転フラグ,印鑑照合済フラグ,依頼書種類,店番,科目,口座番号,新店番,新科目,新口座番号,1000000038,処理区分,書類種別,届出書添付フラグ,届出書作成フラグ,不備コード１１,不備コード１２,不備コード２２,不備コード３１,不備コード３２,不備コード４１,不備コード４２,不備コード５１,不備コード５２,需要家コード,需要家コードフラグ,マイクロフィルム番号,マイクロフィルムコマ番号,201804301501038.jpg,企業数,顧客数,保留コード１１,保留コード１２,保留コード２１,保留コード２２,保留コード３１,保留コード３２,保留コード４１,保留コード４２,保留コード５１,保留コード５２,保留コメント,受付店,代表返却先,口座名義人漢字,口座名義人名カナ,同一口座別科目あ,印鑑座標X1,印鑑座標Y1,印鑑座標X2,印鑑座標Y2,印鑑種類,印鑑世代,印鑑照合率,印鑑照合オペレー,印鑑照合結果,署名座標X1,署名座標Y1,署名座標X2,署名座標Y2,署名照合オペレータ番号,署名照合結果,SV回数,イメージ解像度,イメージサイズ高,イメージサイズ幅,認識結果,ホスト照会結果,読替情報店番,読替情報科目,読替情報口座,読替情報種類,帳票ID,確認票出力フラグ,オペレーションフラグ,SV理由
001,バッチ内連番,レコード連番,20180430,ルート,回転フラグ,印鑑照合済フラグ,依頼書種類,店番,科目,口座番号,新店番,新科目,新口座番号,1000000039,処理区分,書類種別,届出書添付フラグ,届出書作成フラグ,不備コード１１,不備コード１２,不備コード２２,不備コード３１,不備コード３２,不備コード４１,不備コード４２,不備コード５１,不備コード５２,需要家コード,需要家コードフラグ,マイクロフィルム番号,マイクロフィルムコマ番号,201804301501039.jpg,企業数,顧客数,保留コード１１,保留コード１２,保留コード２１,保留コード２２,保留コード３１,保留コード３２,保留コード４１,保留コード４２,保留コード５１,保留コード５２,保留コメント,受付店,代表返却先,口座名義人漢字,口座名義人名カナ,同一口座別科目あ,印鑑座標X1,印鑑座標Y1,印鑑座標X2,印鑑座標Y2,印鑑種類,印鑑世代,印鑑照合率,印鑑照合オペレー,印鑑照合結果,署名座標X1,署名座標Y1,署名座標X2,署名座標Y2,署名照合オペレータ番号,署名照合結果,SV回数,イメージ解像度,イメージサイズ高,イメージサイズ幅,認識結果,ホスト照会結果,読替情報店番,読替情報科目,読替情報口座,読替情報種類,帳票ID,確認票出力フラグ,オペレーションフラグ,SV理由
001,バッチ内連番,レコード連番,20180430,ルート,回転フラグ,印鑑照合済フラグ,依頼書種類,店番,科目,口座番号,新店番,新科目,新口座番号,1000000040,処理区分,書類種別,届出書添付フラグ,届出書作成フラグ,不備コード１１,不備コード１２,不備コード２２,不備コード３１,不備コード３２,不備コード４１,不備コード４２,不備コード５１,不備コード５２,需要家コード,需要家コードフラグ,マイクロフィルム番号,マイクロフィルムコマ番号,201804301501040.jpg,企業数,顧客数,保留コード１１,保留コード１２,保留コード２１,保留コード２２,保留コード３１,保留コード３２,保留コード４１,保留コード４２,保留コード５１,保留コード５２,保留コメント,受付店,代表返却先,口座名義人漢字,口座名義人名カナ,同一口座別科目あ,印鑑座標X1,印鑑座標Y1,印鑑座標X2,印鑑座標Y2,印鑑種類,印鑑世代,印鑑照合率,印鑑照合オペレー,印鑑照合結果,署名座標X1,署名座標Y1,署名座標X2,署名座標Y2,署名照合オペレータ番号,署名照合結果,SV回数,イメージ解像度,イメージサイズ高,イメージサイズ幅,認識結果,ホスト照会結果,読替情報店番,読替情報科目,読替情報口座,読替情報種類,帳票ID,確認票出力フラグ,オペレーションフラグ,SV理由
001,バッチ内連番,レコード連番,20180430,ルート,回転フラグ,印鑑照合済フラグ,依頼書種類,店番,科目,口座番号,新店番,新科目,新口座番号,1000000041,処理区分,書類種別,届出書添付フラグ,届出書作成フラグ,不備コード１１,不備コード１２,不備コード２２,不備コード３１,不備コード３２,不備コード４１,不備コード４２,不備コード５１,不備コード５２,需要家コード,需要家コードフラグ,マイクロフィルム番号,マイクロフィルムコマ番号,201804301501041.jpg,企業数,顧客数,保留コード１１,保留コード１２,保留コード２１,保留コード２２,保留コード３１,保留コード３２,保留コード４１,保留コード４２,保留コード５１,保留コード５２,保留コメント,受付店,代表返却先,口座名義人漢字,口座名義人名カナ,同一口座別科目あ,印鑑座標X1,印鑑座標Y1,印鑑座標X2,印鑑座標Y2,印鑑種類,印鑑世代,印鑑照合率,印鑑照合オペレー,印鑑照合結果,署名座標X1,署名座標Y1,署名座標X2,署名座標Y2,署名照合オペレータ番号,署名照合結果,SV回数,イメージ解像度,イメージサイズ高,イメージサイズ幅,認識結果,ホスト照会結果,読替情報店番,読替情報科目,読替情報口座,読替情報種類,帳票ID,確認票出力フラグ,オペレーションフラグ,SV理由
001,バッチ内連番,レコード連番,20180430,ルート,回転フラグ,印鑑照合済フラグ,依頼書種類,店番,科目,口座番号,新店番,新科目,新口座番号,1000000042,処理区分,書類種別,届出書添付フラグ,届出書作成フラグ,不備コード１１,不備コード１２,不備コード２２,不備コード３１,不備コード３２,不備コード４１,不備コード４２,不備コード５１,不備コード５２,需要家コード,需要家コードフラグ,マイクロフィルム番号,マイクロフィルムコマ番号,201804301501042.jpg,企業数,顧客数,保留コード１１,保留コード１２,保留コード２１,保留コード２２,保留コード３１,保留コード３２,保留コード４１,保留コード４２,保留コード５１,保留コード５２,保留コメント,受付店,代表返却先,口座名義人漢字,口座名義人名カナ,同一口座別科目あ,印鑑座標X1,印鑑座標Y1,印鑑座標X2,印鑑座標Y2,印鑑種類,印鑑世代,印鑑照合率,印鑑照合オペレー,印鑑照合結果,署名座標X1,署名座標Y1,署名座標X2,署名座標Y2,署名照合オペレータ番号,署名照合結果,SV回数,イメージ解像度,イメージサイズ高,イメージサイズ幅,認識結果,ホスト照会結果,読替情報店番,読替情報科目,読替情報口座,読替情報種類,帳票ID,確認票出力フラグ,オペレーションフラグ,SV理由
001,バッチ内連番,レコード連番,20180430,ルート,回転フラグ,印鑑照合済フラグ,依頼書種類,店番,科目,口座番号,新店番,新科目,新口座番号,1000000043,処理区分,書類種別,届出書添付フラグ,届出書作成フラグ,不備コード１１,不備コード１２,不備コード２２,不備コード３１,不備コード３２,不備コード４１,不備コード４２,不備コード５１,不備コード５２,需要家コード,需要家コードフラグ,マイクロフィルム番号,マイクロフィルムコマ番号,201804301501043.jpg,企業数,顧客数,保留コード１１,保留コード１２,保留コード２１,保留コード２２,保留コード３１,保留コード３２,保留コード４１,保留コード４２,保留コード５１,保留コード５２,保留コメント,受付店,代表返却先,口座名義人漢字,口座名義人名カナ,同一口座別科目あ,印鑑座標X1,印鑑座標Y1,印鑑座標X2,印鑑座標Y2,印鑑種類,印鑑世代,印鑑照合率,印鑑照合オペレー,印鑑照合結果,署名座標X1,署名座標Y1,署名座標X2,署名座標Y2,署名照合オペレータ番号,署名照合結果,SV回数,イメージ解像度,イメージサイズ高,イメージサイズ幅,認識結果,ホスト照会結果,読替情報店番,読替情報科目,読替情報口座,読替情報種類,帳票ID,確認票出力フラグ,オペレーションフラグ,SV理由
001,バッチ内連番,レコード連番,20180430,ルート,回転フラグ,印鑑照合済フラグ,依頼書種類,店番,科目,口座番号,新店番,新科目,新口座番号,1000000044,処理区分,書類種別,届出書添付フラグ,届出書作成フラグ,不備コード１１,不備コード１２,不備コード２２,不備コード３１,不備コード３２,不備コード４１,不備コード４２,不備コード５１,不備コード５２,需要家コード,需要家コードフラグ,マイクロフィルム番号,マイクロフィルムコマ番号,201804301501044.jpg,企業数,顧客数,保留コード１１,保留コード１２,保留コード２１,保留コード２２,保留コード３１,保留コード３２,保留コード４１,保留コード４２,保留コード５１,保留コード５２,保留コメント,受付店,代表返却先,口座名義人漢字,口座名義人名カナ,同一口座別科目あ,印鑑座標X1,印鑑座標Y1,印鑑座標X2,印鑑座標Y2,印鑑種類,印鑑世代,印鑑照合率,印鑑照合オペレー,印鑑照合結果,署名座標X1,署名座標Y1,署名座標X2,署名座標Y2,署名照合オペレータ番号,署名照合結果,SV回数,イメージ解像度,イメージサイズ高,イメージサイズ幅,認識結果,ホスト照会結果,読替情報店番,読替情報科目,読替情報口座,読替情報種類,帳票ID,確認票出力フラグ,オペレーションフラグ,SV理由
001,バッチ内連番,レコード連番,20180430,ルート,回転フラグ,印鑑照合済フラグ,依頼書種類,店番,科目,口座番号,新店番,新科目,新口座番号,1000000045,処理区分,書類種別,届出書添付フラグ,届出書作成フラグ,不備コード１１,不備コード１２,不備コード２２,不備コード３１,不備コード３２,不備コード４１,不備コード４２,不備コード５１,不備コード５２,需要家コード,需要家コードフラグ,マイクロフィルム番号,マイクロフィルムコマ番号,201804301501045.jpg,企業数,顧客数,保留コード１１,保留コード１２,保留コード２１,保留コード２２,保留コード３１,保留コード３２,保留コード４１,保留コード４２,保留コード５１,保留コード５２,保留コメント,受付店,代表返却先,口座名義人漢字,口座名義人名カナ,同一口座別科目あ,印鑑座標X1,印鑑座標Y1,印鑑座標X2,印鑑座標Y2,印鑑種類,印鑑世代,印鑑照合率,印鑑照合オペレー,印鑑照合結果,署名座標X1,署名座標Y1,署名座標X2,署名座標Y2,署名照合オペレータ番号,署名照合結果,SV回数,イメージ解像度,イメージサイズ高,イメージサイズ幅,認識結果,ホスト照会結果,読替情報店番,読替情報科目,読替情報口座,読替情報種類,帳票ID,確認票出力フラグ,オペレーションフラグ,SV理由
001,バッチ内連番,レコード連番,20180430,ルート,回転フラグ,印鑑照合済フラグ,依頼書種類,店番,科目,口座番号,新店番,新科目,新口座番号,1000000046,処理区分,書類種別,届出書添付フラグ,届出書作成フラグ,不備コード１１,不備コード１２,不備コード２２,不備コード３１,不備コード３２,不備コード４１,不備コード４２,不備コード５１,不備コード５２,需要家コード,需要家コードフラグ,マイクロフィルム番号,マイクロフィルムコマ番号,201804301501046.jpg,企業数,顧客数,保留コード１１,保留コード１２,保留コード２１,保留コード２２,保留コード３１,保留コード３２,保留コード４１,保留コード４２,保留コード５１,保留コード５２,保留コメント,受付店,代表返却先,口座名義人漢字,口座名義人名カナ,同一口座別科目あ,印鑑座標X1,印鑑座標Y1,印鑑座標X2,印鑑座標Y2,印鑑種類,印鑑世代,印鑑照合率,印鑑照合オペレー,印鑑照合結果,署名座標X1,署名座標Y1,署名座標X2,署名座標Y2,署名照合オペレータ番号,署名照合結果,SV回数,イメージ解像度,イメージサイズ高,イメージサイズ幅,認識結果,ホスト照会結果,読替情報店番,読替情報科目,読替情報口座,読替情報種類,帳票ID,確認票出力フラグ,オペレーションフラグ,SV理由
001,バッチ内連番,レコード連番,20180430,ルート,回転フラグ,印鑑照合済フラグ,依頼書種類,店番,科目,口座番号,新店番,新科目,新口座番号,1000000047,処理区分,書類種別,届出書添付フラグ,届出書作成フラグ,不備コード１１,不備コード１２,不備コード２２,不備コード３１,不備コード３２,不備コード４１,不備コード４２,不備コード５１,不備コード５２,需要家コード,需要家コードフラグ,マイクロフィルム番号,マイクロフィルムコマ番号,201804301501047.jpg,企業数,顧客数,保留コード１１,保留コード１２,保留コード２１,保留コード２２,保留コード３１,保留コード３２,保留コード４１,保留コード４２,保留コード５１,保留コード５２,保留コメント,受付店,代表返却先,口座名義人漢字,口座名義人名カナ,同一口座別科目あ,印鑑座標X1,印鑑座標Y1,印鑑座標X2,印鑑座標Y2,印鑑種類,印鑑世代,印鑑照合率,印鑑照合オペレー,印鑑照合結果,署名座標X1,署名座標Y1,署名座標X2,署名座標Y2,署名照合オペレータ番号,署名照合結果,SV回数,イメージ解像度,イメージサイズ高,イメージサイズ幅,認識結果,ホスト照会結果,読替情報店番,読替情報科目,読替情報口座,読替情報種類,帳票ID,確認票出力フラグ,オペレーションフラグ,SV理由
001,バッチ内連番,レコード連番,20180430,ルート,回転フラグ,印鑑照合済フラグ,依頼書種類,店番,科目,口座番号,新店番,新科目,新口座番号,1000000048,処理区分,書類種別,届出書添付フラグ,届出書作成フラグ,不備コード１１,不備コード１２,不備コード２２,不備コード３１,不備コード３２,不備コード４１,不備コード４２,不備コード５１,不備コード５２,需要家コード,需要家コードフラグ,マイクロフィルム番号,マイクロフィルムコマ番号,201804301501048.jpg,企業数,顧客数,保留コード１１,保留コード１２,保留コード２１,保留コード２２,保留コード３１,保留コード３２,保留コード４１,保留コード４２,保留コード５１,保留コード５２,保留コメント,受付店,代表返却先,口座名義人漢字,口座名義人名カナ,同一口座別科目あ,印鑑座標X1,印鑑座標Y1,印鑑座標X2,印鑑座標Y2,印鑑種類,印鑑世代,印鑑照合率,印鑑照合オペレー,印鑑照合結果,署名座標X1,署名座標Y1,署名座標X2,署名座標Y2,署名照合オペレータ番号,署名照合結果,SV回数,イメージ解像度,イメージサイズ高,イメージサイズ幅,認識結果,ホスト照会結果,読替情報店番,読替情報科目,読替情報口座,読替情報種類,帳票ID,確認票出力フラグ,オペレーションフラグ,SV理由
001,バッチ内連番,レコード連番,20180430,ルート,回転フラグ,印鑑照合済フラグ,依頼書種類,店番,科目,口座番号,新店番,新科目,新口座番号,1000000049,処理区分,書類種別,届出書添付フラグ,届出書作成フラグ,不備コード１１,不備コード１２,不備コード２２,不備コード３１,不備コード３２,不備コード４１,不備コード４２,不備コード５１,不備コード５２,需要家コード,需要家コードフラグ,マイクロフィルム番号,マイクロフィルムコマ番号,201804301501049.jpg,企業数,顧客数,保留コード１１,保留コード１２,保留コード２１,保留コード２２,保留コード３１,保留コード３２,保留コード４１,保留コード４２,保留コード５１,保留コード５２,保留コメント,受付店,代表返却先,口座名義人漢字,口座名義人名カナ,同一口座別科目あ,印鑑座標X1,印鑑座標Y1,印鑑座標X2,印鑑座標Y2,印鑑種類,印鑑世代,印鑑照合率,印鑑照合オペレー,印鑑照合結果,署名座標X1,署名座標Y1,署名座標X2,署名座標Y2,署名照合オペレータ番号,署名照合結果,SV回数,イメージ解像度,イメージサイズ高,イメージサイズ幅,認識結果,ホスト照会結果,読替情報店番,読替情報科目,読替情報口座,読替情報種類,帳票ID,確認票出力フラグ,オペレーションフラグ,SV理由
001,バッチ内連番,レコード連番,20180430,ルート,回転フラグ,印鑑照合済フラグ,依頼書種類,店番,科目,口座番号,新店番,新科目,新口座番号,1000000050,処理区分,書類種別,届出書添付フラグ,届出書作成フラグ,不備コード１１,不備コード１２,不備コード２２,不備コード３１,不備コード３２,不備コード４１,不備コード４２,不備コード５１,不備コード５２,需要家コード,需要家コードフラグ,マイクロフィルム番号,マイクロフィルムコマ番号,201804301501050.jpg,企業数,顧客数,保留コード１１,保留コード１２,保留コード２１,保留コード２２,保留コード３１,保留コード３２,保留コード４１,保留コード４２,保留コード５１,保留コード５２,保留コメント,受付店,代表返却先,口座名義人漢字,口座名義人名カナ,同一口座別科目あ,印鑑座標X1,印鑑座標Y1,印鑑座標X2,印鑑座標Y2,印鑑種類,印鑑世代,印鑑照合率,印鑑照合オペレー,印鑑照合結果,署名座標X1,署名座標Y1,署名座標X2,署名座標Y2,署名照合オペレータ番号,署名照合結果,SV回数,イメージ解像度,イメージサイズ高,イメージサイズ幅,認識結果,ホスト照会結果,読替情報店番,読替情報科目,読替情報口座,読替情報種類,帳票ID,確認票出力フラグ,オペレーションフラグ,SV理由
001,バッチ内連番,レコード連番,20180430,ルート,回転フラグ,印鑑照合済フラグ,依頼書種類,店番,科目,口座番号,新店番,新科目,新口座番号,1000000051,処理区分,書類種別,届出書添付フラグ,届出書作成フラグ,不備コード１１,不備コード１２,不備コード２２,不備コード３１,不備コード３２,不備コード４１,不備コード４２,不備コード５１,不備コード５２,需要家コード,需要家コードフラグ,マイクロフィルム番号,マイクロフィルムコマ番号,201804301501051.jpg,企業数,顧客数,保留コード１１,保留コード１２,保留コード２１,保留コード２２,保留コード３１,保留コード３２,保留コード４１,保留コード４２,保留コード５１,保留コード５２,保留コメント,受付店,代表返却先,口座名義人漢字,口座名義人名カナ,同一口座別科目あ,印鑑座標X1,印鑑座標Y1,印鑑座標X2,印鑑座標Y2,印鑑種類,印鑑世代,印鑑照合率,印鑑照合オペレー,印鑑照合結果,署名座標X1,署名座標Y1,署名座標X2,署名座標Y2,署名照合オペレータ番号,署名照合結果,SV回数,イメージ解像度,イメージサイズ高,イメージサイズ幅,認識結果,ホスト照会結果,読替情報店番,読替情報科目,読替情報口座,読替情報種類,帳票ID,確認票出力フラグ,オペレーションフラグ,SV理由
001,バッチ内連番,レコード連番,20180430,ルート,回転フラグ,印鑑照合済フラグ,依頼書種類,店番,科目,口座番号,新店番,新科目,新口座番号,1000000052,処理区分,書類種別,届出書添付フラグ,届出書作成フラグ,不備コード１１,不備コード１２,不備コード２２,不備コード３１,不備コード３２,不備コード４１,不備コード４２,不備コード５１,不備コード５２,需要家コード,需要家コードフラグ,マイクロフィルム番号,マイクロフィルムコマ番号,201804301501052.jpg,企業数,顧客数,保留コード１１,保留コード１２,保留コード２１,保留コード２２,保留コード３１,保留コード３２,保留コード４１,保留コード４２,保留コード５１,保留コード５２,保留コメント,受付店,代表返却先,口座名義人漢字,口座名義人名カナ,同一口座別科目あ,印鑑座標X1,印鑑座標Y1,印鑑座標X2,印鑑座標Y2,印鑑種類,印鑑世代,印鑑照合率,印鑑照合オペレー,印鑑照合結果,署名座標X1,署名座標Y1,署名座標X2,署名座標Y2,署名照合オペレータ番号,署名照合結果,SV回数,イメージ解像度,イメージサイズ高,イメージサイズ幅,認識結果,ホスト照会結果,読替情報店番,読替情報科目,読替情報口座,読替情報種類,帳票ID,確認票出力フラグ,オペレーションフラグ,SV理由
001,バッチ内連番,レコード連番,20180430,ルート,回転フラグ,印鑑照合済フラグ,依頼書種類,店番,科目,口座番号,新店番,新科目,新口座番号,1000000053,処理区分,書類種別,届出書添付フラグ,届出書作成フラグ,不備コード１１,不備コード１２,不備コード２２,不備コード３１,不備コード３２,不備コード４１,不備コード４２,不備コード５１,不備コード５２,需要家コード,需要家コードフラグ,マイクロフィルム番号,マイクロフィルムコマ番号,201804301501053.jpg,企業数,顧客数,保留コード１１,保留コード１２,保留コード２１,保留コード２２,保留コード３１,保留コード３２,保留コード４１,保留コード４２,保留コード５１,保留コード５２,保留コメント,受付店,代表返却先,口座名義人漢字,口座名義人名カナ,同一口座別科目あ,印鑑座標X1,印鑑座標Y1,印鑑座標X2,印鑑座標Y2,印鑑種類,印鑑世代,印鑑照合率,印鑑照合オペレー,印鑑照合結果,署名座標X1,署名座標Y1,署名座標X2,署名座標Y2,署名照合オペレータ番号,署名照合結果,SV回数,イメージ解像度,イメージサイズ高,イメージサイズ幅,認識結果,ホスト照会結果,読替情報店番,読替情報科目,読替情報口座,読替情報種類,帳票ID,確認票出力フラグ,オペレーションフラグ,SV理由
001,バッチ内連番,レコード連番,20180430,ルート,回転フラグ,印鑑照合済フラグ,依頼書種類,店番,科目,口座番号,新店番,新科目,新口座番号,1000000054,処理区分,書類種別,届出書添付フラグ,届出書作成フラグ,不備コード１１,不備コード１２,不備コード２２,不備コード３１,不備コード３２,不備コード４１,不備コード４２,不備コード５１,不備コード５２,需要家コード,需要家コードフラグ,マイクロフィルム番号,マイクロフィルムコマ番号,201804301501054.jpg,企業数,顧客数,保留コード１１,保留コード１２,保留コード２１,保留コード２２,保留コード３１,保留コード３２,保留コード４１,保留コード４２,保留コード５１,保留コード５２,保留コメント,受付店,代表返却先,口座名義人漢字,口座名義人名カナ,同一口座別科目あ,印鑑座標X1,印鑑座標Y1,印鑑座標X2,印鑑座標Y2,印鑑種類,印鑑世代,印鑑照合率,印鑑照合オペレー,印鑑照合結果,署名座標X1,署名座標Y1,署名座標X2,署名座標Y2,署名照合オペレータ番号,署名照合結果,SV回数,イメージ解像度,イメージサイズ高,イメージサイズ幅,認識結果,ホスト照会結果,読替情報店番,読替情報科目,読替情報口座,読替情報種類,帳票ID,確認票出力フラグ,オペレーションフラグ,SV理由
001,バッチ内連番,レコード連番,20180430,ルート,回転フラグ,印鑑照合済フラグ,依頼書種類,店番,科目,口座番号,新店番,新科目,新口座番号,1000000055,処理区分,書類種別,届出書添付フラグ,届出書作成フラグ,不備コード１１,不備コード１２,不備コード２２,不備コード３１,不備コード３２,不備コード４１,不備コード４２,不備コード５１,不備コード５２,需要家コード,需要家コードフラグ,マイクロフィルム番号,マイクロフィルムコマ番号,201804301501055.jpg,企業数,顧客数,保留コード１１,保留コード１２,保留コード２１,保留コード２２,保留コード３１,保留コード３２,保留コード４１,保留コード４２,保留コード５１,保留コード５２,保留コメント,受付店,代表返却先,口座名義人漢字,口座名義人名カナ,同一口座別科目あ,印鑑座標X1,印鑑座標Y1,印鑑座標X2,印鑑座標Y2,印鑑種類,印鑑世代,印鑑照合率,印鑑照合オペレー,印鑑照合結果,署名座標X1,署名座標Y1,署名座標X2,署名座標Y2,署名照合オペレータ番号,署名照合結果,SV回数,イメージ解像度,イメージサイズ高,イメージサイズ幅,認識結果,ホスト照会結果,読替情報店番,読替情報科目,読替情報口座,読替情報種類,帳票ID,確認票出力フラグ,オペレーションフラグ,SV理由
001,バッチ内連番,レコード連番,20180430,ルート,回転フラグ,印鑑照合済フラグ,依頼書種類,店番,科目,口座番号,新店番,新科目,新口座番号,1000000056,処理区分,書類種別,届出書添付フラグ,届出書作成フラグ,不備コード１１,不備コード１２,不備コード２２,不備コード３１,不備コード３２,不備コード４１,不備コード４２,不備コード５１,不備コード５２,需要家コード,需要家コードフラグ,マイクロフィルム番号,マイクロフィルムコマ番号,201804301501056.jpg,企業数,顧客数,保留コード１１,保留コード１２,保留コード２１,保留コード２２,保留コード３１,保留コード３２,保留コード４１,保留コード４２,保留コード５１,保留コード５２,保留コメント,受付店,代表返却先,口座名義人漢字,口座名義人名カナ,同一口座別科目あ,印鑑座標X1,印鑑座標Y1,印鑑座標X2,印鑑座標Y2,印鑑種類,印鑑世代,印鑑照合率,印鑑照合オペレー,印鑑照合結果,署名座標X1,署名座標Y1,署名座標X2,署名座標Y2,署名照合オペレータ番号,署名照合結果,SV回数,イメージ解像度,イメージサイズ高,イメージサイズ幅,認識結果,ホスト照会結果,読替情報店番,読替情報科目,読替情報口座,読替情報種類,帳票ID,確認票出力フラグ,オペレーションフラグ,SV理由
001,バッチ内連番,レコード連番,20180430,ルート,回転フラグ,印鑑照合済フラグ,依頼書種類,店番,科目,口座番号,新店番,新科目,新口座番号,1000000057,処理区分,書類種別,届出書添付フラグ,届出書作成フラグ,不備コード１１,不備コード１２,不備コード２２,不備コード３１,不備コード３２,不備コード４１,不備コード４２,不備コード５１,不備コード５２,需要家コード,需要家コードフラグ,マイクロフィルム番号,マイクロフィルムコマ番号,201804301501057.jpg,企業数,顧客数,保留コード１１,保留コード１２,保留コード２１,保留コード２２,保留コード３１,保留コード３２,保留コード４１,保留コード４２,保留コード５１,保留コード５２,保留コメント,受付店,代表返却先,口座名義人漢字,口座名義人名カナ,同一口座別科目あ,印鑑座標X1,印鑑座標Y1,印鑑座標X2,印鑑座標Y2,印鑑種類,印鑑世代,印鑑照合率,印鑑照合オペレー,印鑑照合結果,署名座標X1,署名座標Y1,署名座標X2,署名座標Y2,署名照合オペレータ番号,署名照合結果,SV回数,イメージ解像度,イメージサイズ高,イメージサイズ幅,認識結果,ホスト照会結果,読替情報店番,読替情報科目,読替情報口座,読替情報種類,帳票ID,確認票出力フラグ,オペレーションフラグ,SV理由
001,バッチ内連番,レコード連番,20180430,ルート,回転フラグ,印鑑照合済フラグ,依頼書種類,店番,科目,口座番号,新店番,新科目,新口座番号,1000000058,処理区分,書類種別,届出書添付フラグ,届出書作成フラグ,不備コード１１,不備コード１２,不備コード２２,不備コード３１,不備コード３２,不備コード４１,不備コード４２,不備コード５１,不備コード５２,需要家コード,需要家コードフラグ,マイクロフィルム番号,マイクロフィルムコマ番号,201804301501058.jpg,企業数,顧客数,保留コード１１,保留コード１２,保留コード２１,保留コード２２,保留コード３１,保留コード３２,保留コード４１,保留コード４２,保留コード５１,保留コード５２,保留コメント,受付店,代表返却先,口座名義人漢字,口座名義人名カナ,同一口座別科目あ,印鑑座標X1,印鑑座標Y1,印鑑座標X2,印鑑座標Y2,印鑑種類,印鑑世代,印鑑照合率,印鑑照合オペレー,印鑑照合結果,署名座標X1,署名座標Y1,署名座標X2,署名座標Y2,署名照合オペレータ番号,署名照合結果,SV回数,イメージ解像度,イメージサイズ高,イメージサイズ幅,認識結果,ホスト照会結果,読替情報店番,読替情報科目,読替情報口座,読替情報種類,帳票ID,確認票出力フラグ,オペレーションフラグ,SV理由
001,バッチ内連番,レコード連番,20180430,ルート,回転フラグ,印鑑照合済フラグ,依頼書種類,店番,科目,口座番号,新店番,新科目,新口座番号,1000000059,処理区分,書類種別,届出書添付フラグ,届出書作成フラグ,不備コード１１,不備コード１２,不備コード２２,不備コード３１,不備コード３２,不備コード４１,不備コード４２,不備コード５１,不備コード５２,需要家コード,需要家コードフラグ,マイクロフィルム番号,マイクロフィルムコマ番号,201804301501059.jpg,企業数,顧客数,保留コード１１,保留コード１２,保留コード２１,保留コード２２,保留コード３１,保留コード３２,保留コード４１,保留コード４２,保留コード５１,保留コード５２,保留コメント,受付店,代表返却先,口座名義人漢字,口座名義人名カナ,同一口座別科目あ,印鑑座標X1,印鑑座標Y1,印鑑座標X2,印鑑座標Y2,印鑑種類,印鑑世代,印鑑照合率,印鑑照合オペレー,印鑑照合結果,署名座標X1,署名座標Y1,署名座標X2,署名座標Y2,署名照合オペレータ番号,署名照合結果,SV回数,イメージ解像度,イメージサイズ高,イメージサイズ幅,認識結果,ホスト照会結果,読替情報店番,読替情報科目,読替情報口座,読替情報種類,帳票ID,確認票出力フラグ,オペレーションフラグ,SV理由
001,バッチ内連番,レコード連番,20180430,ルート,回転フラグ,印鑑照合済フラグ,依頼書種類,店番,科目,口座番号,新店番,新科目,新口座番号,1000000060,処理区分,書類種別,届出書添付フラグ,届出書作成フラグ,不備コード１１,不備コード１２,不備コード２２,不備コード３１,不備コード３２,不備コード４１,不備コード４２,不備コード５１,不備コード５２,需要家コード,需要家コードフラグ,マイクロフィルム番号,マイクロフィルムコマ番号,201804301501060.jpg,企業数,顧客数,保留コード１１,保留コード１２,保留コード２１,保留コード２２,保留コード３１,保留コード３２,保留コード４１,保留コード４２,保留コード５１,保留コード５２,保留コメント,受付店,代表返却先,口座名義人漢字,口座名義人名カナ,同一口座別科目あ,印鑑座標X1,印鑑座標Y1,印鑑座標X2,印鑑座標Y2,印鑑種類,印鑑世代,印鑑照合率,印鑑照合オペレー,印鑑照合結果,署名座標X1,署名座標Y1,署名座標X2,署名座標Y2,署名照合オペレータ番号,署名照合結果,SV回数,イメージ解像度,イメージサイズ高,イメージサイズ幅,認識結果,ホスト照会結果,読替情報店番,読替情報科目,読替情報口座,読替情報種類,帳票ID,確認票出力フラグ,オペレーションフラグ,SV理由
001,バッチ内連番,レコード連番,20180430,ルート,回転フラグ,印鑑照合済フラグ,依頼書種類,店番,科目,口座番号,新店番,新科目,新口座番号,1000000061,処理区分,書類種別,届出書添付フラグ,届出書作成フラグ,不備コード１１,不備コード１２,不備コード２２,不備コード３１,不備コード３２,不備コード４１,不備コード４２,不備コード５１,不備コード５２,需要家コード,需要家コードフラグ,マイクロフィルム番号,マイクロフィルムコマ番号,201804301501061.jpg,企業数,顧客数,保留コード１１,保留コード１２,保留コード２１,保留コード２２,保留コード３１,保留コード３２,保留コード４１,保留コード４２,保留コード５１,保留コード５２,保留コメント,受付店,代表返却先,口座名義人漢字,口座名義人名カナ,同一口座別科目あ,印鑑座標X1,印鑑座標Y1,印鑑座標X2,印鑑座標Y2,印鑑種類,印鑑世代,印鑑照合率,印鑑照合オペレー,印鑑照合結果,署名座標X1,署名座標Y1,署名座標X2,署名座標Y2,署名照合オペレータ番号,署名照合結果,SV回数,イメージ解像度,イメージサイズ高,イメージサイズ幅,認識結果,ホスト照会結果,読替情報店番,読替情報科目,読替情報口座,読替情報種類,帳票ID,確認票出力フラグ,オペレーションフラグ,SV理由
001,バッチ内連番,レコード連番,20180430,ルート,回転フラグ,印鑑照合済フラグ,依頼書種類,店番,科目,口座番号,新店番,新科目,新口座番号,1000000062,処理区分,書類種別,届出書添付フラグ,届出書作成フラグ,不備コード１１,不備コード１２,不備コード２２,不備コード３１,不備コード３２,不備コード４１,不備コード４２,不備コード５１,不備コード５２,需要家コード,需要家コードフラグ,マイクロフィルム番号,マイクロフィルムコマ番号,201804301501062.jpg,企業数,顧客数,保留コード１１,保留コード１２,保留コード２１,保留コード２２,保留コード３１,保留コード３２,保留コード４１,保留コード４２,保留コード５１,保留コード５２,保留コメント,受付店,代表返却先,口座名義人漢字,口座名義人名カナ,同一口座別科目あ,印鑑座標X1,印鑑座標Y1,印鑑座標X2,印鑑座標Y2,印鑑種類,印鑑世代,印鑑照合率,印鑑照合オペレー,印鑑照合結果,署名座標X1,署名座標Y1,署名座標X2,署名座標Y2,署名照合オペレータ番号,署名照合結果,SV回数,イメージ解像度,イメージサイズ高,イメージサイズ幅,認識結果,ホスト照会結果,読替情報店番,読替情報科目,読替情報口座,読替情報種類,帳票ID,確認票出力フラグ,オペレーションフラグ,SV理由
001,バッチ内連番,レコード連番,20180430,ルート,回転フラグ,印鑑照合済フラグ,依頼書種類,店番,科目,口座番号,新店番,新科目,新口座番号,1000000063,処理区分,書類種別,届出書添付フラグ,届出書作成フラグ,不備コード１１,不備コード１２,不備コード２２,不備コード３１,不備コード３２,不備コード４１,不備コード４２,不備コード５１,不備コード５２,需要家コード,需要家コードフラグ,マイクロフィルム番号,マイクロフィルムコマ番号,201804301501063.jpg,企業数,顧客数,保留コード１１,保留コード１２,保留コード２１,保留コード２２,保留コード３１,保留コード３２,保留コード４１,保留コード４２,保留コード５１,保留コード５２,保留コメント,受付店,代表返却先,口座名義人漢字,口座名義人名カナ,同一口座別科目あ,印鑑座標X1,印鑑座標Y1,印鑑座標X2,印鑑座標Y2,印鑑種類,印鑑世代,印鑑照合率,印鑑照合オペレー,印鑑照合結果,署名座標X1,署名座標Y1,署名座標X2,署名座標Y2,署名照合オペレータ番号,署名照合結果,SV回数,イメージ解像度,イメージサイズ高,イメージサイズ幅,認識結果,ホスト照会結果,読替情報店番,読替情報科目,読替情報口座,読替情報種類,帳票ID,確認票出力フラグ,オペレーションフラグ,SV理由
001,バッチ内連番,レコード連番,20180430,ルート,回転フラグ,印鑑照合済フラグ,依頼書種類,店番,科目,口座番号,新店番,新科目,新口座番号,1000000064,処理区分,書類種別,届出書添付フラグ,届出書作成フラグ,不備コード１１,不備コード１２,不備コード２２,不備コード３１,不備コード３２,不備コード４１,不備コード４２,不備コード５１,不備コード５２,需要家コード,需要家コードフラグ,マイクロフィルム番号,マイクロフィルムコマ番号,201804301501064.jpg,企業数,顧客数,保留コード１１,保留コード１２,保留コード２１,保留コード２２,保留コード３１,保留コード３２,保留コード４１,保留コード４２,保留コード５１,保留コード５２,保留コメント,受付店,代表返却先,口座名義人漢字,口座名義人名カナ,同一口座別科目あ,印鑑座標X1,印鑑座標Y1,印鑑座標X2,印鑑座標Y2,印鑑種類,印鑑世代,印鑑照合率,印鑑照合オペレー,印鑑照合結果,署名座標X1,署名座標Y1,署名座標X2,署名座標Y2,署名照合オペレータ番号,署名照合結果,SV回数,イメージ解像度,イメージサイズ高,イメージサイズ幅,認識結果,ホスト照会結果,読替情報店番,読替情報科目,読替情報口座,読替情報種類,帳票ID,確認票出力フラグ,オペレーションフラグ,SV理由
001,バッチ内連番,レコード連番,20180430,ルート,回転フラグ,印鑑照合済フラグ,依頼書種類,店番,科目,口座番号,新店番,新科目,新口座番号,1000000065,処理区分,書類種別,届出書添付フラグ,届出書作成フラグ,不備コード１１,不備コード１２,不備コード２２,不備コード３１,不備コード３２,不備コード４１,不備コード４２,不備コード５１,不備コード５２,需要家コード,需要家コードフラグ,マイクロフィルム番号,マイクロフィルムコマ番号,201804301501065.jpg,企業数,顧客数,保留コード１１,保留コード１２,保留コード２１,保留コード２２,保留コード３１,保留コード３２,保留コード４１,保留コード４２,保留コード５１,保留コード５２,保留コメント,受付店,代表返却先,口座名義人漢字,口座名義人名カナ,同一口座別科目あ,印鑑座標X1,印鑑座標Y1,印鑑座標X2,印鑑座標Y2,印鑑種類,印鑑世代,印鑑照合率,印鑑照合オペレー,印鑑照合結果,署名座標X1,署名座標Y1,署名座標X2,署名座標Y2,署名照合オペレータ番号,署名照合結果,SV回数,イメージ解像度,イメージサイズ高,イメージサイズ幅,認識結果,ホスト照会結果,読替情報店番,読替情報科目,読替情報口座,読替情報種類,帳票ID,確認票出力フラグ,オペレーションフラグ,SV理由
001,バッチ内連番,レコード連番,20180430,ルート,回転フラグ,印鑑照合済フラグ,依頼書種類,店番,科目,口座番号,新店番,新科目,新口座番号,1000000066,処理区分,書類種別,届出書添付フラグ,届出書作成フラグ,不備コード１１,不備コード１２,不備コード２２,不備コード３１,不備コード３２,不備コード４１,不備コード４２,不備コード５１,不備コード５２,需要家コード,需要家コードフラグ,マイクロフィルム番号,マイクロフィルムコマ番号,201804301501066.jpg,企業数,顧客数,保留コード１１,保留コード１２,保留コード２１,保留コード２２,保留コード３１,保留コード３２,保留コード４１,保留コード４２,保留コード５１,保留コード５２,保留コメント,受付店,代表返却先,口座名義人漢字,口座名義人名カナ,同一口座別科目あ,印鑑座標X1,印鑑座標Y1,印鑑座標X2,印鑑座標Y2,印鑑種類,印鑑世代,印鑑照合率,印鑑照合オペレー,印鑑照合結果,署名座標X1,署名座標Y1,署名座標X2,署名座標Y2,署名照合オペレータ番号,署名照合結果,SV回数,イメージ解像度,イメージサイズ高,イメージサイズ幅,認識結果,ホスト照会結果,読替情報店番,読替情報科目,読替情報口座,読替情報種類,帳票ID,確認票出力フラグ,オペレーションフラグ,SV理由
001,バッチ内連番,レコード連番,20180430,ルート,回転フラグ,印鑑照合済フラグ,依頼書種類,店番,科目,口座番号,新店番,新科目,新口座番号,1000000067,処理区分,書類種別,届出書添付フラグ,届出書作成フラグ,不備コード１１,不備コード１２,不備コード２２,不備コード３１,不備コード３２,不備コード４１,不備コード４２,不備コード５１,不備コード５２,需要家コード,需要家コードフラグ,マイクロフィルム番号,マイクロフィルムコマ番号,201804301501067.jpg,企業数,顧客数,保留コード１１,保留コード１２,保留コード２１,保留コード２２,保留コード３１,保留コード３２,保留コード４１,保留コード４２,保留コード５１,保留コード５２,保留コメント,受付店,代表返却先,口座名義人漢字,口座名義人名カナ,同一口座別科目あ,印鑑座標X1,印鑑座標Y1,印鑑座標X2,印鑑座標Y2,印鑑種類,印鑑世代,印鑑照合率,印鑑照合オペレー,印鑑照合結果,署名座標X1,署名座標Y1,署名座標X2,署名座標Y2,署名照合オペレータ番号,署名照合結果,SV回数,イメージ解像度,イメージサイズ高,イメージサイズ幅,認識結果,ホスト照会結果,読替情報店番,読替情報科目,読替情報口座,読替情報種類,帳票ID,確認票出力フラグ,オペレーションフラグ,SV理由
001,バッチ内連番,レコード連番,20180430,ルート,回転フラグ,印鑑照合済フラグ,依頼書種類,店番,科目,口座番号,新店番,新科目,新口座番号,1000000068,処理区分,書類種別,届出書添付フラグ,届出書作成フラグ,不備コード１１,不備コード１２,不備コード２２,不備コード３１,不備コード３２,不備コード４１,不備コード４２,不備コード５１,不備コード５２,需要家コード,需要家コードフラグ,マイクロフィルム番号,マイクロフィルムコマ番号,201804301501068.jpg,企業数,顧客数,保留コード１１,保留コード１２,保留コード２１,保留コード２２,保留コード３１,保留コード３２,保留コード４１,保留コード４２,保留コード５１,保留コード５２,保留コメント,受付店,代表返却先,口座名義人漢字,口座名義人名カナ,同一口座別科目あ,印鑑座標X1,印鑑座標Y1,印鑑座標X2,印鑑座標Y2,印鑑種類,印鑑世代,印鑑照合率,印鑑照合オペレー,印鑑照合結果,署名座標X1,署名座標Y1,署名座標X2,署名座標Y2,署名照合オペレータ番号,署名照合結果,SV回数,イメージ解像度,イメージサイズ高,イメージサイズ幅,認識結果,ホスト照会結果,読替情報店番,読替情報科目,読替情報口座,読替情報種類,帳票ID,確認票出力フラグ,オペレーションフラグ,SV理由
001,バッチ内連番,レコード連番,20180430,ルート,回転フラグ,印鑑照合済フラグ,依頼書種類,店番,科目,口座番号,新店番,新科目,新口座番号,1000000069,処理区分,書類種別,届出書添付フラグ,届出書作成フラグ,不備コード１１,不備コード１２,不備コード２２,不備コード３１,不備コード３２,不備コード４１,不備コード４２,不備コード５１,不備コード５２,需要家コード,需要家コードフラグ,マイクロフィルム番号,マイクロフィルムコマ番号,201804301501069.jpg,企業数,顧客数,保留コード１１,保留コード１２,保留コード２１,保留コード２２,保留コード３１,保留コード３２,保留コード４１,保留コード４２,保留コード５１,保留コード５２,保留コメント,受付店,代表返却先,口座名義人漢字,口座名義人名カナ,同一口座別科目あ,印鑑座標X1,印鑑座標Y1,印鑑座標X2,印鑑座標Y2,印鑑種類,印鑑世代,印鑑照合率,印鑑照合オペレー,印鑑照合結果,署名座標X1,署名座標Y1,署名座標X2,署名座標Y2,署名照合オペレータ番号,署名照合結果,SV回数,イメージ解像度,イメージサイズ高,イメージサイズ幅,認識結果,ホスト照会結果,読替情報店番,読替情報科目,読替情報口座,読替情報種類,帳票ID,確認票出力フラグ,オペレーションフラグ,SV理由
001,バッチ内連番,レコード連番,20180430,ルート,回転フラグ,印鑑照合済フラグ,依頼書種類,店番,科目,口座番号,新店番,新科目,新口座番号,1000000070,処理区分,書類種別,届出書添付フラグ,届出書作成フラグ,不備コード１１,不備コード１２,不備コード２２,不備コード３１,不備コード３２,不備コード４１,不備コード４２,不備コード５１,不備コード５２,需要家コード,需要家コードフラグ,マイクロフィルム番号,マイクロフィルムコマ番号,201804301501070.jpg,企業数,顧客数,保留コード１１,保留コード１２,保留コード２１,保留コード２２,保留コード３１,保留コード３２,保留コード４１,保留コード４２,保留コード５１,保留コード５２,保留コメント,受付店,代表返却先,口座名義人漢字,口座名義人名カナ,同一口座別科目あ,印鑑座標X1,印鑑座標Y1,印鑑座標X2,印鑑座標Y2,印鑑種類,印鑑世代,印鑑照合率,印鑑照合オペレー,印鑑照合結果,署名座標X1,署名座標Y1,署名座標X2,署名座標Y2,署名照合オペレータ番号,署名照合結果,SV回数,イメージ解像度,イメージサイズ高,イメージサイズ幅,認識結果,ホスト照会結果,読替情報店番,読替情報科目,読替情報口座,読替情報種類,帳票ID,確認票出力フラグ,オペレーションフラグ,SV理由
001,バッチ内連番,レコード連番,20180430,ルート,回転フラグ,印鑑照合済フラグ,依頼書種類,店番,科目,口座番号,新店番,新科目,新口座番号,1000000071,処理区分,書類種別,届出書添付フラグ,届出書作成フラグ,不備コード１１,不備コード１２,不備コード２２,不備コード３１,不備コード３２,不備コード４１,不備コード４２,不備コード５１,不備コード５２,需要家コード,需要家コードフラグ,マイクロフィルム番号,マイクロフィルムコマ番号,201804301501071.jpg,企業数,顧客数,保留コード１１,保留コード１２,保留コード２１,保留コード２２,保留コード３１,保留コード３２,保留コード４１,保留コード４２,保留コード５１,保留コード５２,保留コメント,受付店,代表返却先,口座名義人漢字,口座名義人名カナ,同一口座別科目あ,印鑑座標X1,印鑑座標Y1,印鑑座標X2,印鑑座標Y2,印鑑種類,印鑑世代,印鑑照合率,印鑑照合オペレー,印鑑照合結果,署名座標X1,署名座標Y1,署名座標X2,署名座標Y2,署名照合オペレータ番号,署名照合結果,SV回数,イメージ解像度,イメージサイズ高,イメージサイズ幅,認識結果,ホスト照会結果,読替情報店番,読替情報科目,読替情報口座,読替情報種類,帳票ID,確認票出力フラグ,オペレーションフラグ,SV理由
001,バッチ内連番,レコード連番,20180430,ルート,回転フラグ,印鑑照合済フラグ,依頼書種類,店番,科目,口座番号,新店番,新科目,新口座番号,1000000072,処理区分,書類種別,届出書添付フラグ,届出書作成フラグ,不備コード１１,不備コード１２,不備コード２２,不備コード３１,不備コード３２,不備コード４１,不備コード４２,不備コード５１,不備コード５２,需要家コード,需要家コードフラグ,マイクロフィルム番号,マイクロフィルムコマ番号,201804301501072.jpg,企業数,顧客数,保留コード１１,保留コード１２,保留コード２１,保留コード２２,保留コード３１,保留コード３２,保留コード４１,保留コード４２,保留コード５１,保留コード５２,保留コメント,受付店,代表返却先,口座名義人漢字,口座名義人名カナ,同一口座別科目あ,印鑑座標X1,印鑑座標Y1,印鑑座標X2,印鑑座標Y2,印鑑種類,印鑑世代,印鑑照合率,印鑑照合オペレー,印鑑照合結果,署名座標X1,署名座標Y1,署名座標X2,署名座標Y2,署名照合オペレータ番号,署名照合結果,SV回数,イメージ解像度,イメージサイズ高,イメージサイズ幅,認識結果,ホスト照会結果,読替情報店番,読替情報科目,読替情報口座,読替情報種類,帳票ID,確認票出力フラグ,オペレーションフラグ,SV理由
001,バッチ内連番,レコード連番,20180430,ルート,回転フラグ,印鑑照合済フラグ,依頼書種類,店番,科目,口座番号,新店番,新科目,新口座番号,1000000073,処理区分,書類種別,届出書添付フラグ,届出書作成フラグ,不備コード１１,不備コード１２,不備コード２２,不備コード３１,不備コード３２,不備コード４１,不備コード４２,不備コード５１,不備コード５２,需要家コード,需要家コードフラグ,マイクロフィルム番号,マイクロフィルムコマ番号,201804301501073.jpg,企業数,顧客数,保留コード１１,保留コード１２,保留コード２１,保留コード２２,保留コード３１,保留コード３２,保留コード４１,保留コード４２,保留コード５１,保留コード５２,保留コメント,受付店,代表返却先,口座名義人漢字,口座名義人名カナ,同一口座別科目あ,印鑑座標X1,印鑑座標Y1,印鑑座標X2,印鑑座標Y2,印鑑種類,印鑑世代,印鑑照合率,印鑑照合オペレー,印鑑照合結果,署名座標X1,署名座標Y1,署名座標X2,署名座標Y2,署名照合オペレータ番号,署名照合結果,SV回数,イメージ解像度,イメージサイズ高,イメージサイズ幅,認識結果,ホスト照会結果,読替情報店番,読替情報科目,読替情報口座,読替情報種類,帳票ID,確認票出力フラグ,オペレーションフラグ,SV理由
001,バッチ内連番,レコード連番,20180430,ルート,回転フラグ,印鑑照合済フラグ,依頼書種類,店番,科目,口座番号,新店番,新科目,新口座番号,1000000074,処理区分,書類種別,届出書添付フラグ,届出書作成フラグ,不備コード１１,不備コード１２,不備コード２２,不備コード３１,不備コード３２,不備コード４１,不備コード４２,不備コード５１,不備コード５２,需要家コード,需要家コードフラグ,マイクロフィルム番号,マイクロフィルムコマ番号,201804301501074.jpg,企業数,顧客数,保留コード１１,保留コード１２,保留コード２１,保留コード２２,保留コード３１,保留コード３２,保留コード４１,保留コード４２,保留コード５１,保留コード５２,保留コメント,受付店,代表返却先,口座名義人漢字,口座名義人名カナ,同一口座別科目あ,印鑑座標X1,印鑑座標Y1,印鑑座標X2,印鑑座標Y2,印鑑種類,印鑑世代,印鑑照合率,印鑑照合オペレー,印鑑照合結果,署名座標X1,署名座標Y1,署名座標X2,署名座標Y2,署名照合オペレータ番号,署名照合結果,SV回数,イメージ解像度,イメージサイズ高,イメージサイズ幅,認識結果,ホスト照会結果,読替情報店番,読替情報科目,読替情報口座,読替情報種類,帳票ID,確認票出力フラグ,オペレーションフラグ,SV理由
001,バッチ内連番,レコード連番,20180430,ルート,回転フラグ,印鑑照合済フラグ,依頼書種類,店番,科目,口座番号,新店番,新科目,新口座番号,1000000075,処理区分,書類種別,届出書添付フラグ,届出書作成フラグ,不備コード１１,不備コード１２,不備コード２２,不備コード３１,不備コード３２,不備コード４１,不備コード４２,不備コード５１,不備コード５２,需要家コード,需要家コードフラグ,マイクロフィルム番号,マイクロフィルムコマ番号,201804301501075.jpg,企業数,顧客数,保留コード１１,保留コード１２,保留コード２１,保留コード２２,保留コード３１,保留コード３２,保留コード４１,保留コード４２,保留コード５１,保留コード５２,保留コメント,受付店,代表返却先,口座名義人漢字,口座名義人名カナ,同一口座別科目あ,印鑑座標X1,印鑑座標Y1,印鑑座標X2,印鑑座標Y2,印鑑種類,印鑑世代,印鑑照合率,印鑑照合オペレー,印鑑照合結果,署名座標X1,署名座標Y1,署名座標X2,署名座標Y2,署名照合オペレータ番号,署名照合結果,SV回数,イメージ解像度,イメージサイズ高,イメージサイズ幅,認識結果,ホスト照会結果,読替情報店番,読替情報科目,読替情報口座,読替情報種類,帳票ID,確認票出力フラグ,オペレーションフラグ,SV理由
001,バッチ内連番,レコード連番,20180430,ルート,回転フラグ,印鑑照合済フラグ,依頼書種類,店番,科目,口座番号,新店番,新科目,新口座番号,1000000076,処理区分,書類種別,届出書添付フラグ,届出書作成フラグ,不備コード１１,不備コード１２,不備コード２２,不備コード３１,不備コード３２,不備コード４１,不備コード４２,不備コード５１,不備コード５２,需要家コード,需要家コードフラグ,マイクロフィルム番号,マイクロフィルムコマ番号,201804301501076.jpg,企業数,顧客数,保留コード１１,保留コード１２,保留コード２１,保留コード２２,保留コード３１,保留コード３２,保留コード４１,保留コード４２,保留コード５１,保留コード５２,保留コメント,受付店,代表返却先,口座名義人漢字,口座名義人名カナ,同一口座別科目あ,印鑑座標X1,印鑑座標Y1,印鑑座標X2,印鑑座標Y2,印鑑種類,印鑑世代,印鑑照合率,印鑑照合オペレー,印鑑照合結果,署名座標X1,署名座標Y1,署名座標X2,署名座標Y2,署名照合オペレータ番号,署名照合結果,SV回数,イメージ解像度,イメージサイズ高,イメージサイズ幅,認識結果,ホスト照会結果,読替情報店番,読替情報科目,読替情報口座,読替情報種類,帳票ID,確認票出力フラグ,オペレーションフラグ,SV理由
001,バッチ内連番,レコード連番,20180430,ルート,回転フラグ,印鑑照合済フラグ,依頼書種類,店番,科目,口座番号,新店番,新科目,新口座番号,1000000077,処理区分,書類種別,届出書添付フラグ,届出書作成フラグ,不備コード１１,不備コード１２,不備コード２２,不備コード３１,不備コード３２,不備コード４１,不備コード４２,不備コード５１,不備コード５２,需要家コード,需要家コードフラグ,マイクロフィルム番号,マイクロフィルムコマ番号,201804301501077.jpg,企業数,顧客数,保留コード１１,保留コード１２,保留コード２１,保留コード２２,保留コード３１,保留コード３２,保留コード４１,保留コード４２,保留コード５１,保留コード５２,保留コメント,受付店,代表返却先,口座名義人漢字,口座名義人名カナ,同一口座別科目あ,印鑑座標X1,印鑑座標Y1,印鑑座標X2,印鑑座標Y2,印鑑種類,印鑑世代,印鑑照合率,印鑑照合オペレー,印鑑照合結果,署名座標X1,署名座標Y1,署名座標X2,署名座標Y2,署名照合オペレータ番号,署名照合結果,SV回数,イメージ解像度,イメージサイズ高,イメージサイズ幅,認識結果,ホスト照会結果,読替情報店番,読替情報科目,読替情報口座,読替情報種類,帳票ID,確認票出力フラグ,オペレーションフラグ,SV理由
001,バッチ内連番,レコード連番,20180430,ルート,回転フラグ,印鑑照合済フラグ,依頼書種類,店番,科目,口座番号,新店番,新科目,新口座番号,1000000078,処理区分,書類種別,届出書添付フラグ,届出書作成フラグ,不備コード１１,不備コード１２,不備コード２２,不備コード３１,不備コード３２,不備コード４１,不備コード４２,不備コード５１,不備コード５２,需要家コード,需要家コードフラグ,マイクロフィルム番号,マイクロフィルムコマ番号,201804301501078.jpg,企業数,顧客数,保留コード１１,保留コード１２,保留コード２１,保留コード２２,保留コード３１,保留コード３２,保留コード４１,保留コード４２,保留コード５１,保留コード５２,保留コメント,受付店,代表返却先,口座名義人漢字,口座名義人名カナ,同一口座別科目あ,印鑑座標X1,印鑑座標Y1,印鑑座標X2,印鑑座標Y2,印鑑種類,印鑑世代,印鑑照合率,印鑑照合オペレー,印鑑照合結果,署名座標X1,署名座標Y1,署名座標X2,署名座標Y2,署名照合オペレータ番号,署名照合結果,SV回数,イメージ解像度,イメージサイズ高,イメージサイズ幅,認識結果,ホスト照会結果,読替情報店番,読替情報科目,読替情報口座,読替情報種類,帳票ID,確認票出力フラグ,オペレーションフラグ,SV理由
001,バッチ内連番,レコード連番,20180430,ルート,回転フラグ,印鑑照合済フラグ,依頼書種類,店番,科目,口座番号,新店番,新科目,新口座番号,1000000079,処理区分,書類種別,届出書添付フラグ,届出書作成フラグ,不備コード１１,不備コード１２,不備コード２２,不備コード３１,不備コード３２,不備コード４１,不備コード４２,不備コード５１,不備コード５２,需要家コード,需要家コードフラグ,マイクロフィルム番号,マイクロフィルムコマ番号,201804301501079.jpg,企業数,顧客数,保留コード１１,保留コード１２,保留コード２１,保留コード２２,保留コード３１,保留コード３２,保留コード４１,保留コード４２,保留コード５１,保留コード５２,保留コメント,受付店,代表返却先,口座名義人漢字,口座名義人名カナ,同一口座別科目あ,印鑑座標X1,印鑑座標Y1,印鑑座標X2,印鑑座標Y2,印鑑種類,印鑑世代,印鑑照合率,印鑑照合オペレー,印鑑照合結果,署名座標X1,署名座標Y1,署名座標X2,署名座標Y2,署名照合オペレータ番号,署名照合結果,SV回数,イメージ解像度,イメージサイズ高,イメージサイズ幅,認識結果,ホスト照会結果,読替情報店番,読替情報科目,読替情報口座,読替情報種類,帳票ID,確認票出力フラグ,オペレーションフラグ,SV理由
001,バッチ内連番,レコード連番,20180430,ルート,回転フラグ,印鑑照合済フラグ,依頼書種類,店番,科目,口座番号,新店番,新科目,新口座番号,1000000080,処理区分,書類種別,届出書添付フラグ,届出書作成フラグ,不備コード１１,不備コード１２,不備コード２２,不備コード３１,不備コード３２,不備コード４１,不備コード４２,不備コード５１,不備コード５２,需要家コード,需要家コードフラグ,マイクロフィルム番号,マイクロフィルムコマ番号,201804301501080.jpg,企業数,顧客数,保留コード１１,保留コード１２,保留コード２１,保留コード２２,保留コード３１,保留コード３２,保留コード４１,保留コード４２,保留コード５１,保留コード５２,保留コメント,受付店,代表返却先,口座名義人漢字,口座名義人名カナ,同一口座別科目あ,印鑑座標X1,印鑑座標Y1,印鑑座標X2,印鑑座標Y2,印鑑種類,印鑑世代,印鑑照合率,印鑑照合オペレー,印鑑照合結果,署名座標X1,署名座標Y1,署名座標X2,署名座標Y2,署名照合オペレータ番号,署名照合結果,SV回数,イメージ解像度,イメージサイズ高,イメージサイズ幅,認識結果,ホスト照会結果,読替情報店番,読替情報科目,読替情報口座,読替情報種類,帳票ID,確認票出力フラグ,オペレーションフラグ,SV理由
001,バッチ内連番,レコード連番,20180430,ルート,回転フラグ,印鑑照合済フラグ,依頼書種類,店番,科目,口座番号,新店番,新科目,新口座番号,1000000081,処理区分,書類種別,届出書添付フラグ,届出書作成フラグ,不備コード１１,不備コード１２,不備コード２２,不備コード３１,不備コード３２,不備コード４１,不備コード４２,不備コード５１,不備コード５２,需要家コード,需要家コードフラグ,マイクロフィルム番号,マイクロフィルムコマ番号,201804301501081.jpg,企業数,顧客数,保留コード１１,保留コード１２,保留コード２１,保留コード２２,保留コード３１,保留コード３２,保留コード４１,保留コード４２,保留コード５１,保留コード５２,保留コメント,受付店,代表返却先,口座名義人漢字,口座名義人名カナ,同一口座別科目あ,印鑑座標X1,印鑑座標Y1,印鑑座標X2,印鑑座標Y2,印鑑種類,印鑑世代,印鑑照合率,印鑑照合オペレー,印鑑照合結果,署名座標X1,署名座標Y1,署名座標X2,署名座標Y2,署名照合オペレータ番号,署名照合結果,SV回数,イメージ解像度,イメージサイズ高,イメージサイズ幅,認識結果,ホスト照会結果,読替情報店番,読替情報科目,読替情報口座,読替情報種類,帳票ID,確認票出力フラグ,オペレーションフラグ,SV理由
001,バッチ内連番,レコード連番,20180430,ルート,回転フラグ,印鑑照合済フラグ,依頼書種類,店番,科目,口座番号,新店番,新科目,新口座番号,1000000082,処理区分,書類種別,届出書添付フラグ,届出書作成フラグ,不備コード１１,不備コード１２,不備コード２２,不備コード３１,不備コード３２,不備コード４１,不備コード４２,不備コード５１,不備コード５２,需要家コード,需要家コードフラグ,マイクロフィルム番号,マイクロフィルムコマ番号,201804301501082.jpg,企業数,顧客数,保留コード１１,保留コード１２,保留コード２１,保留コード２２,保留コード３１,保留コード３２,保留コード４１,保留コード４２,保留コード５１,保留コード５２,保留コメント,受付店,代表返却先,口座名義人漢字,口座名義人名カナ,同一口座別科目あ,印鑑座標X1,印鑑座標Y1,印鑑座標X2,印鑑座標Y2,印鑑種類,印鑑世代,印鑑照合率,印鑑照合オペレー,印鑑照合結果,署名座標X1,署名座標Y1,署名座標X2,署名座標Y2,署名照合オペレータ番号,署名照合結果,SV回数,イメージ解像度,イメージサイズ高,イメージサイズ幅,認識結果,ホスト照会結果,読替情報店番,読替情報科目,読替情報口座,読替情報種類,帳票ID,確認票出力フラグ,オペレーションフラグ,SV理由
001,バッチ内連番,レコード連番,20180430,ルート,回転フラグ,印鑑照合済フラグ,依頼書種類,店番,科目,口座番号,新店番,新科目,新口座番号,1000000083,処理区分,書類種別,届出書添付フラグ,届出書作成フラグ,不備コード１１,不備コード１２,不備コード２２,不備コード３１,不備コード３２,不備コード４１,不備コード４２,不備コード５１,不備コード５２,需要家コード,需要家コードフラグ,マイクロフィルム番号,マイクロフィルムコマ番号,201804301501083.jpg,企業数,顧客数,保留コード１１,保留コード１２,保留コード２１,保留コード２２,保留コード３１,保留コード３２,保留コード４１,保留コード４２,保留コード５１,保留コード５２,保留コメント,受付店,代表返却先,口座名義人漢字,口座名義人名カナ,同一口座別科目あ,印鑑座標X1,印鑑座標Y1,印鑑座標X2,印鑑座標Y2,印鑑種類,印鑑世代,印鑑照合率,印鑑照合オペレー,印鑑照合結果,署名座標X1,署名座標Y1,署名座標X2,署名座標Y2,署名照合オペレータ番号,署名照合結果,SV回数,イメージ解像度,イメージサイズ高,イメージサイズ幅,認識結果,ホスト照会結果,読替情報店番,読替情報科目,読替情報口座,読替情報種類,帳票ID,確認票出力フラグ,オペレーションフラグ,SV理由
001,バッチ内連番,レコード連番,20180430,ルート,回転フラグ,印鑑照合済フラグ,依頼書種類,店番,科目,口座番号,新店番,新科目,新口座番号,1000000084,処理区分,書類種別,届出書添付フラグ,届出書作成フラグ,不備コード１１,不備コード１２,不備コード２２,不備コード３１,不備コード３２,不備コード４１,不備コード４２,不備コード５１,不備コード５２,需要家コード,需要家コードフラグ,マイクロフィルム番号,マイクロフィルムコマ番号,201804301501084.jpg,企業数,顧客数,保留コード１１,保留コード１２,保留コード２１,保留コード２２,保留コード３１,保留コード３２,保留コード４１,保留コード４２,保留コード５１,保留コード５２,保留コメント,受付店,代表返却先,口座名義人漢字,口座名義人名カナ,同一口座別科目あ,印鑑座標X1,印鑑座標Y1,印鑑座標X2,印鑑座標Y2,印鑑種類,印鑑世代,印鑑照合率,印鑑照合オペレー,印鑑照合結果,署名座標X1,署名座標Y1,署名座標X2,署名座標Y2,署名照合オペレータ番号,署名照合結果,SV回数,イメージ解像度,イメージサイズ高,イメージサイズ幅,認識結果,ホスト照会結果,読替情報店番,読替情報科目,読替情報口座,読替情報種類,帳票ID,確認票出力フラグ,オペレーションフラグ,SV理由
001,バッチ内連番,レコード連番,20180430,ルート,回転フラグ,印鑑照合済フラグ,依頼書種類,店番,科目,口座番号,新店番,新科目,新口座番号,1000000085,処理区分,書類種別,届出書添付フラグ,届出書作成フラグ,不備コード１１,不備コード１２,不備コード２２,不備コード３１,不備コード３２,不備コード４１,不備コード４２,不備コード５１,不備コード５２,需要家コード,需要家コードフラグ,マイクロフィルム番号,マイクロフィルムコマ番号,201804301501085.jpg,企業数,顧客数,保留コード１１,保留コード１２,保留コード２１,保留コード２２,保留コード３１,保留コード３２,保留コード４１,保留コード４２,保留コード５１,保留コード５２,保留コメント,受付店,代表返却先,口座名義人漢字,口座名義人名カナ,同一口座別科目あ,印鑑座標X1,印鑑座標Y1,印鑑座標X2,印鑑座標Y2,印鑑種類,印鑑世代,印鑑照合率,印鑑照合オペレー,印鑑照合結果,署名座標X1,署名座標Y1,署名座標X2,署名座標Y2,署名照合オペレータ番号,署名照合結果,SV回数,イメージ解像度,イメージサイズ高,イメージサイズ幅,認識結果,ホスト照会結果,読替情報店番,読替情報科目,読替情報口座,読替情報種類,帳票ID,確認票出力フラグ,オペレーションフラグ,SV理由
001,バッチ内連番,レコード連番,20180430,ルート,回転フラグ,印鑑照合済フラグ,依頼書種類,店番,科目,口座番号,新店番,新科目,新口座番号,1000000086,処理区分,書類種別,届出書添付フラグ,届出書作成フラグ,不備コード１１,不備コード１２,不備コード２２,不備コード３１,不備コード３２,不備コード４１,不備コード４２,不備コード５１,不備コード５２,需要家コード,需要家コードフラグ,マイクロフィルム番号,マイクロフィルムコマ番号,201804301501086.jpg,企業数,顧客数,保留コード１１,保留コード１２,保留コード２１,保留コード２２,保留コード３１,保留コード３２,保留コード４１,保留コード４２,保留コード５１,保留コード５２,保留コメント,受付店,代表返却先,口座名義人漢字,口座名義人名カナ,同一口座別科目あ,印鑑座標X1,印鑑座標Y1,印鑑座標X2,印鑑座標Y2,印鑑種類,印鑑世代,印鑑照合率,印鑑照合オペレー,印鑑照合結果,署名座標X1,署名座標Y1,署名座標X2,署名座標Y2,署名照合オペレータ番号,署名照合結果,SV回数,イメージ解像度,イメージサイズ高,イメージサイズ幅,認識結果,ホスト照会結果,読替情報店番,読替情報科目,読替情報口座,読替情報種類,帳票ID,確認票出力フラグ,オペレーションフラグ,SV理由
001,バッチ内連番,レコード連番,20180430,ルート,回転フラグ,印鑑照合済フラグ,依頼書種類,店番,科目,口座番号,新店番,新科目,新口座番号,1000000087,処理区分,書類種別,届出書添付フラグ,届出書作成フラグ,不備コード１１,不備コード１２,不備コード２２,不備コード３１,不備コード３２,不備コード４１,不備コード４２,不備コード５１,不備コード５２,需要家コード,需要家コードフラグ,マイクロフィルム番号,マイクロフィルムコマ番号,201804301501087.jpg,企業数,顧客数,保留コード１１,保留コード１２,保留コード２１,保留コード２２,保留コード３１,保留コード３２,保留コード４１,保留コード４２,保留コード５１,保留コード５２,保留コメント,受付店,代表返却先,口座名義人漢字,口座名義人名カナ,同一口座別科目あ,印鑑座標X1,印鑑座標Y1,印鑑座標X2,印鑑座標Y2,印鑑種類,印鑑世代,印鑑照合率,印鑑照合オペレー,印鑑照合結果,署名座標X1,署名座標Y1,署名座標X2,署名座標Y2,署名照合オペレータ番号,署名照合結果,SV回数,イメージ解像度,イメージサイズ高,イメージサイズ幅,認識結果,ホスト照会結果,読替情報店番,読替情報科目,読替情報口座,読替情報種類,帳票ID,確認票出力フラグ,オペレーションフラグ,SV理由
001,バッチ内連番,レコード連番,20180430,ルート,回転フラグ,印鑑照合済フラグ,依頼書種類,店番,科目,口座番号,新店番,新科目,新口座番号,1000000088,処理区分,書類種別,届出書添付フラグ,届出書作成フラグ,不備コード１１,不備コード１２,不備コード２２,不備コード３１,不備コード３２,不備コード４１,不備コード４２,不備コード５１,不備コード５２,需要家コード,需要家コードフラグ,マイクロフィルム番号,マイクロフィルムコマ番号,201804301501088.jpg,企業数,顧客数,保留コード１１,保留コード１２,保留コード２１,保留コード２２,保留コード３１,保留コード３２,保留コード４１,保留コード４２,保留コード５１,保留コード５２,保留コメント,受付店,代表返却先,口座名義人漢字,口座名義人名カナ,同一口座別科目あ,印鑑座標X1,印鑑座標Y1,印鑑座標X2,印鑑座標Y2,印鑑種類,印鑑世代,印鑑照合率,印鑑照合オペレー,印鑑照合結果,署名座標X1,署名座標Y1,署名座標X2,署名座標Y2,署名照合オペレータ番号,署名照合結果,SV回数,イメージ解像度,イメージサイズ高,イメージサイズ幅,認識結果,ホスト照会結果,読替情報店番,読替情報科目,読替情報口座,読替情報種類,帳票ID,確認票出力フラグ,オペレーションフラグ,SV理由
001,バッチ内連番,レコード連番,20180430,ルート,回転フラグ,印鑑照合済フラグ,依頼書種類,店番,科目,口座番号,新店番,新科目,新口座番号,1000000089,処理区分,書類種別,届出書添付フラグ,届出書作成フラグ,不備コード１１,不備コード１２,不備コード２２,不備コード３１,不備コード３２,不備コード４１,不備コード４２,不備コード５１,不備コード５２,需要家コード,需要家コードフラグ,マイクロフィルム番号,マイクロフィルムコマ番号,201804301501089.jpg,企業数,顧客数,保留コード１１,保留コード１２,保留コード２１,保留コード２２,保留コード３１,保留コード３２,保留コード４１,保留コード４２,保留コード５１,保留コード５２,保留コメント,受付店,代表返却先,口座名義人漢字,口座名義人名カナ,同一口座別科目あ,印鑑座標X1,印鑑座標Y1,印鑑座標X2,印鑑座標Y2,印鑑種類,印鑑世代,印鑑照合率,印鑑照合オペレー,印鑑照合結果,署名座標X1,署名座標Y1,署名座標X2,署名座標Y2,署名照合オペレータ番号,署名照合結果,SV回数,イメージ解像度,イメージサイズ高,イメージサイズ幅,認識結果,ホスト照会結果,読替情報店番,読替情報科目,読替情報口座,読替情報種類,帳票ID,確認票出力フラグ,オペレーションフラグ,SV理由
001,バッチ内連番,レコード連番,20180430,ルート,回転フラグ,印鑑照合済フラグ,依頼書種類,店番,科目,口座番号,新店番,新科目,新口座番号,1000000090,処理区分,書類種別,届出書添付フラグ,届出書作成フラグ,不備コード１１,不備コード１２,不備コード２２,不備コード３１,不備コード３２,不備コード４１,不備コード４２,不備コード５１,不備コード５２,需要家コード,需要家コードフラグ,マイクロフィルム番号,マイクロフィルムコマ番号,201804301501090.jpg,企業数,顧客数,保留コード１１,保留コード１２,保留コード２１,保留コード２２,保留コード３１,保留コード３２,保留コード４１,保留コード４２,保留コード５１,保留コード５２,保留コメント,受付店,代表返却先,口座名義人漢字,口座名義人名カナ,同一口座別科目あ,印鑑座標X1,印鑑座標Y1,印鑑座標X2,印鑑座標Y2,印鑑種類,印鑑世代,印鑑照合率,印鑑照合オペレー,印鑑照合結果,署名座標X1,署名座標Y1,署名座標X2,署名座標Y2,署名照合オペレータ番号,署名照合結果,SV回数,イメージ解像度,イメージサイズ高,イメージサイズ幅,認識結果,ホスト照会結果,読替情報店番,読替情報科目,読替情報口座,読替情報種類,帳票ID,確認票出力フラグ,オペレーションフラグ,SV理由
001,バッチ内連番,レコード連番,20180430,ルート,回転フラグ,印鑑照合済フラグ,依頼書種類,店番,科目,口座番号,新店番,新科目,新口座番号,1000000091,処理区分,書類種別,届出書添付フラグ,届出書作成フラグ,不備コード１１,不備コード１２,不備コード２２,不備コード３１,不備コード３２,不備コード４１,不備コード４２,不備コード５１,不備コード５２,需要家コード,需要家コードフラグ,マイクロフィルム番号,マイクロフィルムコマ番号,201804301501091.jpg,企業数,顧客数,保留コード１１,保留コード１２,保留コード２１,保留コード２２,保留コード３１,保留コード３２,保留コード４１,保留コード４２,保留コード５１,保留コード５２,保留コメント,受付店,代表返却先,口座名義人漢字,口座名義人名カナ,同一口座別科目あ,印鑑座標X1,印鑑座標Y1,印鑑座標X2,印鑑座標Y2,印鑑種類,印鑑世代,印鑑照合率,印鑑照合オペレー,印鑑照合結果,署名座標X1,署名座標Y1,署名座標X2,署名座標Y2,署名照合オペレータ番号,署名照合結果,SV回数,イメージ解像度,イメージサイズ高,イメージサイズ幅,認識結果,ホスト照会結果,読替情報店番,読替情報科目,読替情報口座,読替情報種類,帳票ID,確認票出力フラグ,オペレーションフラグ,SV理由
001,バッチ内連番,レコード連番,20180430,ルート,回転フラグ,印鑑照合済フラグ,依頼書種類,店番,科目,口座番号,新店番,新科目,新口座番号,1000000092,処理区分,書類種別,届出書添付フラグ,届出書作成フラグ,不備コード１１,不備コード１２,不備コード２２,不備コード３１,不備コード３２,不備コード４１,不備コード４２,不備コード５１,不備コード５２,需要家コード,需要家コードフラグ,マイクロフィルム番号,マイクロフィルムコマ番号,201804301501092.jpg,企業数,顧客数,保留コード１１,保留コード１２,保留コード２１,保留コード２２,保留コード３１,保留コード３２,保留コード４１,保留コード４２,保留コード５１,保留コード５２,保留コメント,受付店,代表返却先,口座名義人漢字,口座名義人名カナ,同一口座別科目あ,印鑑座標X1,印鑑座標Y1,印鑑座標X2,印鑑座標Y2,印鑑種類,印鑑世代,印鑑照合率,印鑑照合オペレー,印鑑照合結果,署名座標X1,署名座標Y1,署名座標X2,署名座標Y2,署名照合オペレータ番号,署名照合結果,SV回数,イメージ解像度,イメージサイズ高,イメージサイズ幅,認識結果,ホスト照会結果,読替情報店番,読替情報科目,読替情報口座,読替情報種類,帳票ID,確認票出力フラグ,オペレーションフラグ,SV理由
001,バッチ内連番,レコード連番,20180430,ルート,回転フラグ,印鑑照合済フラグ,依頼書種類,店番,科目,口座番号,新店番,新科目,新口座番号,1000000093,処理区分,書類種別,届出書添付フラグ,届出書作成フラグ,不備コード１１,不備コード１２,不備コード２２,不備コード３１,不備コード３２,不備コード４１,不備コード４２,不備コード５１,不備コード５２,需要家コード,需要家コードフラグ,マイクロフィルム番号,マイクロフィルムコマ番号,201804301501093.jpg,企業数,顧客数,保留コード１１,保留コード１２,保留コード２１,保留コード２２,保留コード３１,保留コード３２,保留コード４１,保留コード４２,保留コード５１,保留コード５２,保留コメント,受付店,代表返却先,口座名義人漢字,口座名義人名カナ,同一口座別科目あ,印鑑座標X1,印鑑座標Y1,印鑑座標X2,印鑑座標Y2,印鑑種類,印鑑世代,印鑑照合率,印鑑照合オペレー,印鑑照合結果,署名座標X1,署名座標Y1,署名座標X2,署名座標Y2,署名照合オペレータ番号,署名照合結果,SV回数,イメージ解像度,イメージサイズ高,イメージサイズ幅,認識結果,ホスト照会結果,読替情報店番,読替情報科目,読替情報口座,読替情報種類,帳票ID,確認票出力フラグ,オペレーションフラグ,SV理由
001,バッチ内連番,レコード連番,20180430,ルート,回転フラグ,印鑑照合済フラグ,依頼書種類,店番,科目,口座番号,新店番,新科目,新口座番号,1000000094,処理区分,書類種別,届出書添付フラグ,届出書作成フラグ,不備コード１１,不備コード１２,不備コード２２,不備コード３１,不備コード３２,不備コード４１,不備コード４２,不備コード５１,不備コード５２,需要家コード,需要家コードフラグ,マイクロフィルム番号,マイクロフィルムコマ番号,201804301501094.jpg,企業数,顧客数,保留コード１１,保留コード１２,保留コード２１,保留コード２２,保留コード３１,保留コード３２,保留コード４１,保留コード４２,保留コード５１,保留コード５２,保留コメント,受付店,代表返却先,口座名義人漢字,口座名義人名カナ,同一口座別科目あ,印鑑座標X1,印鑑座標Y1,印鑑座標X2,印鑑座標Y2,印鑑種類,印鑑世代,印鑑照合率,印鑑照合オペレー,印鑑照合結果,署名座標X1,署名座標Y1,署名座標X2,署名座標Y2,署名照合オペレータ番号,署名照合結果,SV回数,イメージ解像度,イメージサイズ高,イメージサイズ幅,認識結果,ホスト照会結果,読替情報店番,読替情報科目,読替情報口座,読替情報種類,帳票ID,確認票出力フラグ,オペレーションフラグ,SV理由
001,バッチ内連番,レコード連番,20180430,ルート,回転フラグ,印鑑照合済フラグ,依頼書種類,店番,科目,口座番号,新店番,新科目,新口座番号,1000000095,処理区分,書類種別,届出書添付フラグ,届出書作成フラグ,不備コード１１,不備コード１２,不備コード２２,不備コード３１,不備コード３２,不備コード４１,不備コード４２,不備コード５１,不備コード５２,需要家コード,需要家コードフラグ,マイクロフィルム番号,マイクロフィルムコマ番号,201804301501095.jpg,企業数,顧客数,保留コード１１,保留コード１２,保留コード２１,保留コード２２,保留コード３１,保留コード３２,保留コード４１,保留コード４２,保留コード５１,保留コード５２,保留コメント,受付店,代表返却先,口座名義人漢字,口座名義人名カナ,同一口座別科目あ,印鑑座標X1,印鑑座標Y1,印鑑座標X2,印鑑座標Y2,印鑑種類,印鑑世代,印鑑照合率,印鑑照合オペレー,印鑑照合結果,署名座標X1,署名座標Y1,署名座標X2,署名座標Y2,署名照合オペレータ番号,署名照合結果,SV回数,イメージ解像度,イメージサイズ高,イメージサイズ幅,認識結果,ホスト照会結果,読替情報店番,読替情報科目,読替情報口座,読替情報種類,帳票ID,確認票出力フラグ,オペレーションフラグ,SV理由
001,バッチ内連番,レコード連番,20180430,ルート,回転フラグ,印鑑照合済フラグ,依頼書種類,店番,科目,口座番号,新店番,新科目,新口座番号,1000000096,処理区分,書類種別,届出書添付フラグ,届出書作成フラグ,不備コード１１,不備コード１２,不備コード２２,不備コード３１,不備コード３２,不備コード４１,不備コード４２,不備コード５１,不備コード５２,需要家コード,需要家コードフラグ,マイクロフィルム番号,マイクロフィルムコマ番号,201804301501096.jpg,企業数,顧客数,保留コード１１,保留コード１２,保留コード２１,保留コード２２,保留コード３１,保留コード３２,保留コード４１,保留コード４２,保留コード５１,保留コード５２,保留コメント,受付店,代表返却先,口座名義人漢字,口座名義人名カナ,同一口座別科目あ,印鑑座標X1,印鑑座標Y1,印鑑座標X2,印鑑座標Y2,印鑑種類,印鑑世代,印鑑照合率,印鑑照合オペレー,印鑑照合結果,署名座標X1,署名座標Y1,署名座標X2,署名座標Y2,署名照合オペレータ番号,署名照合結果,SV回数,イメージ解像度,イメージサイズ高,イメージサイズ幅,認識結果,ホスト照会結果,読替情報店番,読替情報科目,読替情報口座,読替情報種類,帳票ID,確認票出力フラグ,オペレーションフラグ,SV理由
001,バッチ内連番,レコード連番,20180430,ルート,回転フラグ,印鑑照合済フラグ,依頼書種類,店番,科目,口座番号,新店番,新科目,新口座番号,1000000097,処理区分,書類種別,届出書添付フラグ,届出書作成フラグ,不備コード１１,不備コード１２,不備コード２２,不備コード３１,不備コード３２,不備コード４１,不備コード４２,不備コード５１,不備コード５２,需要家コード,需要家コードフラグ,マイクロフィルム番号,マイクロフィルムコマ番号,201804301501097.jpg,企業数,顧客数,保留コード１１,保留コード１２,保留コード２１,保留コード２２,保留コード３１,保留コード３２,保留コード４１,保留コード４２,保留コード５１,保留コード５２,保留コメント,受付店,代表返却先,口座名義人漢字,口座名義人名カナ,同一口座別科目あ,印鑑座標X1,印鑑座標Y1,印鑑座標X2,印鑑座標Y2,印鑑種類,印鑑世代,印鑑照合率,印鑑照合オペレー,印鑑照合結果,署名座標X1,署名座標Y1,署名座標X2,署名座標Y2,署名照合オペレータ番号,署名照合結果,SV回数,イメージ解像度,イメージサイズ高,イメージサイズ幅,認識結果,ホスト照会結果,読替情報店番,読替情報科目,読替情報口座,読替情報種類,帳票ID,確認票出力フラグ,オペレーションフラグ,SV理由
001,バッチ内連番,レコード連番,20180430,ルート,回転フラグ,印鑑照合済フラグ,依頼書種類,店番,科目,口座番号,新店番,新科目,新口座番号,1000000098,処理区分,書類種別,届出書添付フラグ,届出書作成フラグ,不備コード１１,不備コード１２,不備コード２２,不備コード３１,不備コード３２,不備コード４１,不備コード４２,不備コード５１,不備コード５２,需要家コード,需要家コードフラグ,マイクロフィルム番号,マイクロフィルムコマ番号,201804301501098.jpg,企業数,顧客数,保留コード１１,保留コード１２,保留コード２１,保留コード２２,保留コード３１,保留コード３２,保留コード４１,保留コード４２,保留コード５１,保留コード５２,保留コメント,受付店,代表返却先,口座名義人漢字,口座名義人名カナ,同一口座別科目あ,印鑑座標X1,印鑑座標Y1,印鑑座標X2,印鑑座標Y2,印鑑種類,印鑑世代,印鑑照合率,印鑑照合オペレー,印鑑照合結果,署名座標X1,署名座標Y1,署名座標X2,署名座標Y2,署名照合オペレータ番号,署名照合結果,SV回数,イメージ解像度,イメージサイズ高,イメージサイズ幅,認識結果,ホスト照会結果,読替情報店番,読替情報科目,読替情報口座,読替情報種類,帳票ID,確認票出力フラグ,オペレーションフラグ,SV理由
001,バッチ内連番,レコード連番,20180430,ルート,回転フラグ,印鑑照合済フラグ,依頼書種類,店番,科目,口座番号,新店番,新科目,新口座番号,1000000099,処理区分,書類種別,届出書添付フラグ,届出書作成フラグ,不備コード１１,不備コード１２,不備コード２２,不備コード３１,不備コード３２,不備コード４１,不備コード４２,不備コード５１,不備コード５２,需要家コード,需要家コードフラグ,マイクロフィルム番号,マイクロフィルムコマ番号,201804301501099.jpg,企業数,顧客数,保留コード１１,保留コード１２,保留コード２１,保留コード２２,保留コード３１,保留コード３２,保留コード４１,保留コード４２,保留コード５１,保留コード５２,保留コメント,受付店,代表返却先,口座名義人漢字,口座名義人名カナ,同一口座別科目あ,印鑑座標X1,印鑑座標Y1,印鑑座標X2,印鑑座標Y2,印鑑種類,印鑑世代,印鑑照合率,印鑑照合オペレー,印鑑照合結果,署名座標X1,署名座標Y1,署名座標X2,署名座標Y2,署名照合オペレータ番号,署名照合結果,SV回数,イメージ解像度,イメージサイズ高,イメージサイズ幅,認識結果,ホスト照会結果,読替情報店番,読替情報科目,読替情報口座,読替情報種類,帳票ID,確認票出力フラグ,オペレーションフラグ,SV理由
001,バッチ内連番,レコード連番,20180430,ルート,回転フラグ,印鑑照合済フラグ,依頼書種類,店番,科目,口座番号,新店番,新科目,新口座番号,1000000100,処理区分,書類種別,届出書添付フラグ,届出書作成フラグ,不備コード１１,不備コード１２,不備コード２２,不備コード３１,不備コード３２,不備コード４１,不備コード４２,不備コード５１,不備コード５２,需要家コード,需要家コードフラグ,マイクロフィルム番号,マイクロフィルムコマ番号,201804301501100.jpg,企業数,顧客数,保留コード１１,保留コード１２,保留コード２１,保留コード２２,保留コード３１,保留コード３２,保留コード４１,保留コード４２,保留コード５１,保留コード５２,保留コメント,受付店,代表返却先,口座名義人漢字,口座名義人名カナ,同一口座別科目あ,印鑑座標X1,印鑑座標Y1,印鑑座標X2,印鑑座標Y2,印鑑種類,印鑑世代,印鑑照合率,印鑑照合オペレー,印鑑照合結果,署名座標X1,署名座標Y1,署名座標X2,署名座標Y2,署名照合オペレータ番号,署名照合結果,SV回数,イメージ解像度,イメージサイズ高,イメージサイズ幅,認識結果,ホスト照会結果,読替情報店番,読替情報科目,読替情報口座,読替情報種類,帳票ID,確認票出力フラグ,オペレーションフラグ,SV理由
001,バッチ内連番,レコード連番,20180430,ルート,回転フラグ,印鑑照合済フラグ,依頼書種類,店番,科目,口座番号,新店番,新科目,新口座番号,1000000101,処理区分,書類種別,届出書添付フラグ,届出書作成フラグ,不備コード１１,不備コード１２,不備コード２２,不備コード３１,不備コード３２,不備コード４１,不備コード４２,不備コード５１,不備コード５２,需要家コード,需要家コードフラグ,マイクロフィルム番号,マイクロフィルムコマ番号,201804301501101.jpg,企業数,顧客数,保留コード１１,保留コード１２,保留コード２１,保留コード２２,保留コード３１,保留コード３２,保留コード４１,保留コード４２,保留コード５１,保留コード５２,保留コメント,受付店,代表返却先,口座名義人漢字,口座名義人名カナ,同一口座別科目あ,印鑑座標X1,印鑑座標Y1,印鑑座標X2,印鑑座標Y2,印鑑種類,印鑑世代,印鑑照合率,印鑑照合オペレー,印鑑照合結果,署名座標X1,署名座標Y1,署名座標X2,署名座標Y2,署名照合オペレータ番号,署名照合結果,SV回数,イメージ解像度,イメージサイズ高,イメージサイズ幅,認識結果,ホスト照会結果,読替情報店番,読替情報科目,読替情報口座,読替情報種類,帳票ID,確認票出力フラグ,オペレーションフラグ,SV理由
001,バッチ内連番,レコード連番,20180430,ルート,回転フラグ,印鑑照合済フラグ,依頼書種類,店番,科目,口座番号,新店番,新科目,新口座番号,1000000102,処理区分,書類種別,届出書添付フラグ,届出書作成フラグ,不備コード１１,不備コード１２,不備コード２２,不備コード３１,不備コード３２,不備コード４１,不備コード４２,不備コード５１,不備コード５２,需要家コード,需要家コードフラグ,マイクロフィルム番号,マイクロフィルムコマ番号,201804301501102.jpg,企業数,顧客数,保留コード１１,保留コード１２,保留コード２１,保留コード２２,保留コード３１,保留コード３２,保留コード４１,保留コード４２,保留コード５１,保留コード５２,保留コメント,受付店,代表返却先,口座名義人漢字,口座名義人名カナ,同一口座別科目あ,印鑑座標X1,印鑑座標Y1,印鑑座標X2,印鑑座標Y2,印鑑種類,印鑑世代,印鑑照合率,印鑑照合オペレー,印鑑照合結果,署名座標X1,署名座標Y1,署名座標X2,署名座標Y2,署名照合オペレータ番号,署名照合結果,SV回数,イメージ解像度,イメージサイズ高,イメージサイズ幅,認識結果,ホスト照会結果,読替情報店番,読替情報科目,読替情報口座,読替情報種類,帳票ID,確認票出力フラグ,オペレーションフラグ,SV理由
001,バッチ内連番,レコード連番,20180430,ルート,回転フラグ,印鑑照合済フラグ,依頼書種類,店番,科目,口座番号,新店番,新科目,新口座番号,1000000103,処理区分,書類種別,届出書添付フラグ,届出書作成フラグ,不備コード１１,不備コード１２,不備コード２２,不備コード３１,不備コード３２,不備コード４１,不備コード４２,不備コード５１,不備コード５２,需要家コード,需要家コードフラグ,マイクロフィルム番号,マイクロフィルムコマ番号,201804301501103.jpg,企業数,顧客数,保留コード１１,保留コード１２,保留コード２１,保留コード２２,保留コード３１,保留コード３２,保留コード４１,保留コード４２,保留コード５１,保留コード５２,保留コメント,受付店,代表返却先,口座名義人漢字,口座名義人名カナ,同一口座別科目あ,印鑑座標X1,印鑑座標Y1,印鑑座標X2,印鑑座標Y2,印鑑種類,印鑑世代,印鑑照合率,印鑑照合オペレー,印鑑照合結果,署名座標X1,署名座標Y1,署名座標X2,署名座標Y2,署名照合オペレータ番号,署名照合結果,SV回数,イメージ解像度,イメージサイズ高,イメージサイズ幅,認識結果,ホスト照会結果,読替情報店番,読替情報科目,読替情報口座,読替情報種類,帳票ID,確認票出力フラグ,オペレーションフラグ,SV理由
001,バッチ内連番,レコード連番,20180430,ルート,回転フラグ,印鑑照合済フラグ,依頼書種類,店番,科目,口座番号,新店番,新科目,新口座番号,1000000104,処理区分,書類種別,届出書添付フラグ,届出書作成フラグ,不備コード１１,不備コード１２,不備コード２２,不備コード３１,不備コード３２,不備コード４１,不備コード４２,不備コード５１,不備コード５２,需要家コード,需要家コードフラグ,マイクロフィルム番号,マイクロフィルムコマ番号,201804301501104.jpg,企業数,顧客数,保留コード１１,保留コード１２,保留コード２１,保留コード２２,保留コード３１,保留コード３２,保留コード４１,保留コード４２,保留コード５１,保留コード５２,保留コメント,受付店,代表返却先,口座名義人漢字,口座名義人名カナ,同一口座別科目あ,印鑑座標X1,印鑑座標Y1,印鑑座標X2,印鑑座標Y2,印鑑種類,印鑑世代,印鑑照合率,印鑑照合オペレー,印鑑照合結果,署名座標X1,署名座標Y1,署名座標X2,署名座標Y2,署名照合オペレータ番号,署名照合結果,SV回数,イメージ解像度,イメージサイズ高,イメージサイズ幅,認識結果,ホスト照会結果,読替情報店番,読替情報科目,読替情報口座,読替情報種類,帳票ID,確認票出力フラグ,オペレーションフラグ,SV理由
001,バッチ内連番,レコード連番,20180430,ルート,回転フラグ,印鑑照合済フラグ,依頼書種類,店番,科目,口座番号,新店番,新科目,新口座番号,1000000105,処理区分,書類種別,届出書添付フラグ,届出書作成フラグ,不備コード１１,不備コード１２,不備コード２２,不備コード３１,不備コード３２,不備コード４１,不備コード４２,不備コード５１,不備コード５２,需要家コード,需要家コードフラグ,マイクロフィルム番号,マイクロフィルムコマ番号,201804301501105.jpg,企業数,顧客数,保留コード１１,保留コード１２,保留コード２１,保留コード２２,保留コード３１,保留コード３２,保留コード４１,保留コード４２,保留コード５１,保留コード５２,保留コメント,受付店,代表返却先,口座名義人漢字,口座名義人名カナ,同一口座別科目あ,印鑑座標X1,印鑑座標Y1,印鑑座標X2,印鑑座標Y2,印鑑種類,印鑑世代,印鑑照合率,印鑑照合オペレー,印鑑照合結果,署名座標X1,署名座標Y1,署名座標X2,署名座標Y2,署名照合オペレータ番号,署名照合結果,SV回数,イメージ解像度,イメージサイズ高,イメージサイズ幅,認識結果,ホスト照会結果,読替情報店番,読替情報科目,読替情報口座,読替情報種類,帳票ID,確認票出力フラグ,オペレーションフラグ,SV理由
001,バッチ内連番,レコード連番,20180430,ルート,回転フラグ,印鑑照合済フラグ,依頼書種類,店番,科目,口座番号,新店番,新科目,新口座番号,1000000106,処理区分,書類種別,届出書添付フラグ,届出書作成フラグ,不備コード１１,不備コード１２,不備コード２２,不備コード３１,不備コード３２,不備コード４１,不備コード４２,不備コード５１,不備コード５２,需要家コード,需要家コードフラグ,マイクロフィルム番号,マイクロフィルムコマ番号,201804301501106.jpg,企業数,顧客数,保留コード１１,保留コード１２,保留コード２１,保留コード２２,保留コード３１,保留コード３２,保留コード４１,保留コード４２,保留コード５１,保留コード５２,保留コメント,受付店,代表返却先,口座名義人漢字,口座名義人名カナ,同一口座別科目あ,印鑑座標X1,印鑑座標Y1,印鑑座標X2,印鑑座標Y2,印鑑種類,印鑑世代,印鑑照合率,印鑑照合オペレー,印鑑照合結果,署名座標X1,署名座標Y1,署名座標X2,署名座標Y2,署名照合オペレータ番号,署名照合結果,SV回数,イメージ解像度,イメージサイズ高,イメージサイズ幅,認識結果,ホスト照会結果,読替情報店番,読替情報科目,読替情報口座,読替情報種類,帳票ID,確認票出力フラグ,オペレーションフラグ,SV理由
001,バッチ内連番,レコード連番,20180430,ルート,回転フラグ,印鑑照合済フラグ,依頼書種類,店番,科目,口座番号,新店番,新科目,新口座番号,1000000107,処理区分,書類種別,届出書添付フラグ,届出書作成フラグ,不備コード１１,不備コード１２,不備コード２２,不備コード３１,不備コード３２,不備コード４１,不備コード４２,不備コード５１,不備コード５２,需要家コード,需要家コードフラグ,マイクロフィルム番号,マイクロフィルムコマ番号,201804301501107.jpg,企業数,顧客数,保留コード１１,保留コード１２,保留コード２１,保留コード２２,保留コード３１,保留コード３２,保留コード４１,保留コード４２,保留コード５１,保留コード５２,保留コメント,受付店,代表返却先,口座名義人漢字,口座名義人名カナ,同一口座別科目あ,印鑑座標X1,印鑑座標Y1,印鑑座標X2,印鑑座標Y2,印鑑種類,印鑑世代,印鑑照合率,印鑑照合オペレー,印鑑照合結果,署名座標X1,署名座標Y1,署名座標X2,署名座標Y2,署名照合オペレータ番号,署名照合結果,SV回数,イメージ解像度,イメージサイズ高,イメージサイズ幅,認識結果,ホスト照会結果,読替情報店番,読替情報科目,読替情報口座,読替情報種類,帳票ID,確認票出力フラグ,オペレーションフラグ,SV理由
001,バッチ内連番,レコード連番,20180430,ルート,回転フラグ,印鑑照合済フラグ,依頼書種類,店番,科目,口座番号,新店番,新科目,新口座番号,1000000108,処理区分,書類種別,届出書添付フラグ,届出書作成フラグ,不備コード１１,不備コード１２,不備コード２２,不備コード３１,不備コード３２,不備コード４１,不備コード４２,不備コード５１,不備コード５２,需要家コード,需要家コードフラグ,マイクロフィルム番号,マイクロフィルムコマ番号,201804301501108.jpg,企業数,顧客数,保留コード１１,保留コード１２,保留コード２１,保留コード２２,保留コード３１,保留コード３２,保留コード４１,保留コード４２,保留コード５１,保留コード５２,保留コメント,受付店,代表返却先,口座名義人漢字,口座名義人名カナ,同一口座別科目あ,印鑑座標X1,印鑑座標Y1,印鑑座標X2,印鑑座標Y2,印鑑種類,印鑑世代,印鑑照合率,印鑑照合オペレー,印鑑照合結果,署名座標X1,署名座標Y1,署名座標X2,署名座標Y2,署名照合オペレータ番号,署名照合結果,SV回数,イメージ解像度,イメージサイズ高,イメージサイズ幅,認識結果,ホスト照会結果,読替情報店番,読替情報科目,読替情報口座,読替情報種類,帳票ID,確認票出力フラグ,オペレーションフラグ,SV理由
001,バッチ内連番,レコード連番,20180430,ルート,回転フラグ,印鑑照合済フラグ,依頼書種類,店番,科目,口座番号,新店番,新科目,新口座番号,1000000109,処理区分,書類種別,届出書添付フラグ,届出書作成フラグ,不備コード１１,不備コード１２,不備コード２２,不備コード３１,不備コード３２,不備コード４１,不備コード４２,不備コード５１,不備コード５２,需要家コード,需要家コードフラグ,マイクロフィルム番号,マイクロフィルムコマ番号,201804301501109.jpg,企業数,顧客数,保留コード１１,保留コード１２,保留コード２１,保留コード２２,保留コード３１,保留コード３２,保留コード４１,保留コード４２,保留コード５１,保留コード５２,保留コメント,受付店,代表返却先,口座名義人漢字,口座名義人名カナ,同一口座別科目あ,印鑑座標X1,印鑑座標Y1,印鑑座標X2,印鑑座標Y2,印鑑種類,印鑑世代,印鑑照合率,印鑑照合オペレー,印鑑照合結果,署名座標X1,署名座標Y1,署名座標X2,署名座標Y2,署名照合オペレータ番号,署名照合結果,SV回数,イメージ解像度,イメージサイズ高,イメージサイズ幅,認識結果,ホスト照会結果,読替情報店番,読替情報科目,読替情報口座,読替情報種類,帳票ID,確認票出力フラグ,オペレーションフラグ,SV理由
001,バッチ内連番,レコード連番,20180430,ルート,回転フラグ,印鑑照合済フラグ,依頼書種類,店番,科目,口座番号,新店番,新科目,新口座番号,1000000110,処理区分,書類種別,届出書添付フラグ,届出書作成フラグ,不備コード１１,不備コード１２,不備コード２２,不備コード３１,不備コード３２,不備コード４１,不備コード４２,不備コード５１,不備コード５２,需要家コード,需要家コードフラグ,マイクロフィルム番号,マイクロフィルムコマ番号,201804301501110.jpg,企業数,顧客数,保留コード１１,保留コード１２,保留コード２１,保留コード２２,保留コード３１,保留コード３２,保留コード４１,保留コード４２,保留コード５１,保留コード５２,保留コメント,受付店,代表返却先,口座名義人漢字,口座名義人名カナ,同一口座別科目あ,印鑑座標X1,印鑑座標Y1,印鑑座標X2,印鑑座標Y2,印鑑種類,印鑑世代,印鑑照合率,印鑑照合オペレー,印鑑照合結果,署名座標X1,署名座標Y1,署名座標X2,署名座標Y2,署名照合オペレータ番号,署名照合結果,SV回数,イメージ解像度,イメージサイズ高,イメージサイズ幅,認識結果,ホスト照会結果,読替情報店番,読替情報科目,読替情報口座,読替情報種類,帳票ID,確認票出力フラグ,オペレーションフラグ,SV理由
001,バッチ内連番,レコード連番,20180430,ルート,回転フラグ,印鑑照合済フラグ,依頼書種類,店番,科目,口座番号,新店番,新科目,新口座番号,1000000111,処理区分,書類種別,届出書添付フラグ,届出書作成フラグ,不備コード１１,不備コード１２,不備コード２２,不備コード３１,不備コード３２,不備コード４１,不備コード４２,不備コード５１,不備コード５２,需要家コード,需要家コードフラグ,マイクロフィルム番号,マイクロフィルムコマ番号,201804301501111.jpg,企業数,顧客数,保留コード１１,保留コード１２,保留コード２１,保留コード２２,保留コード３１,保留コード３２,保留コード４１,保留コード４２,保留コード５１,保留コード５２,保留コメント,受付店,代表返却先,口座名義人漢字,口座名義人名カナ,同一口座別科目あ,印鑑座標X1,印鑑座標Y1,印鑑座標X2,印鑑座標Y2,印鑑種類,印鑑世代,印鑑照合率,印鑑照合オペレー,印鑑照合結果,署名座標X1,署名座標Y1,署名座標X2,署名座標Y2,署名照合オペレータ番号,署名照合結果,SV回数,イメージ解像度,イメージサイズ高,イメージサイズ幅,認識結果,ホスト照会結果,読替情報店番,読替情報科目,読替情報口座,読替情報種類,帳票ID,確認票出力フラグ,オペレーションフラグ,SV理由
001,バッチ内連番,レコード連番,20180430,ルート,回転フラグ,印鑑照合済フラグ,依頼書種類,店番,科目,口座番号,新店番,新科目,新口座番号,1000000112,処理区分,書類種別,届出書添付フラグ,届出書作成フラグ,不備コード１１,不備コード１２,不備コード２２,不備コード３１,不備コード３２,不備コード４１,不備コード４２,不備コード５１,不備コード５２,需要家コード,需要家コードフラグ,マイクロフィルム番号,マイクロフィルムコマ番号,201804301501112.jpg,企業数,顧客数,保留コード１１,保留コード１２,保留コード２１,保留コード２２,保留コード３１,保留コード３２,保留コード４１,保留コード４２,保留コード５１,保留コード５２,保留コメント,受付店,代表返却先,口座名義人漢字,口座名義人名カナ,同一口座別科目あ,印鑑座標X1,印鑑座標Y1,印鑑座標X2,印鑑座標Y2,印鑑種類,印鑑世代,印鑑照合率,印鑑照合オペレー,印鑑照合結果,署名座標X1,署名座標Y1,署名座標X2,署名座標Y2,署名照合オペレータ番号,署名照合結果,SV回数,イメージ解像度,イメージサイズ高,イメージサイズ幅,認識結果,ホスト照会結果,読替情報店番,読替情報科目,読替情報口座,読替情報種類,帳票ID,確認票出力フラグ,オペレーションフラグ,SV理由
001,バッチ内連番,レコード連番,20180430,ルート,回転フラグ,印鑑照合済フラグ,依頼書種類,店番,科目,口座番号,新店番,新科目,新口座番号,1000000113,処理区分,書類種別,届出書添付フラグ,届出書作成フラグ,不備コード１１,不備コード１２,不備コード２２,不備コード３１,不備コード３２,不備コード４１,不備コード４２,不備コード５１,不備コード５２,需要家コード,需要家コードフラグ,マイクロフィルム番号,マイクロフィルムコマ番号,201804301501113.jpg,企業数,顧客数,保留コード１１,保留コード１２,保留コード２１,保留コード２２,保留コード３１,保留コード３２,保留コード４１,保留コード４２,保留コード５１,保留コード５２,保留コメント,受付店,代表返却先,口座名義人漢字,口座名義人名カナ,同一口座別科目あ,印鑑座標X1,印鑑座標Y1,印鑑座標X2,印鑑座標Y2,印鑑種類,印鑑世代,印鑑照合率,印鑑照合オペレー,印鑑照合結果,署名座標X1,署名座標Y1,署名座標X2,署名座標Y2,署名照合オペレータ番号,署名照合結果,SV回数,イメージ解像度,イメージサイズ高,イメージサイズ幅,認識結果,ホスト照会結果,読替情報店番,読替情報科目,読替情報口座,読替情報種類,帳票ID,確認票出力フラグ,オペレーションフラグ,SV理由
001,バッチ内連番,レコード連番,20180430,ルート,回転フラグ,印鑑照合済フラグ,依頼書種類,店番,科目,口座番号,新店番,新科目,新口座番号,1000000114,処理区分,書類種別,届出書添付フラグ,届出書作成フラグ,不備コード１１,不備コード１２,不備コード２２,不備コード３１,不備コード３２,不備コード４１,不備コード４２,不備コード５１,不備コード５２,需要家コード,需要家コードフラグ,マイクロフィルム番号,マイクロフィルムコマ番号,201804301501114.jpg,企業数,顧客数,保留コード１１,保留コード１２,保留コード２１,保留コード２２,保留コード３１,保留コード３２,保留コード４１,保留コード４２,保留コード５１,保留コード５２,保留コメント,受付店,代表返却先,口座名義人漢字,口座名義人名カナ,同一口座別科目あ,印鑑座標X1,印鑑座標Y1,印鑑座標X2,印鑑座標Y2,印鑑種類,印鑑世代,印鑑照合率,印鑑照合オペレー,印鑑照合結果,署名座標X1,署名座標Y1,署名座標X2,署名座標Y2,署名照合オペレータ番号,署名照合結果,SV回数,イメージ解像度,イメージサイズ高,イメージサイズ幅,認識結果,ホスト照会結果,読替情報店番,読替情報科目,読替情報口座,読替情報種類,帳票ID,確認票出力フラグ,オペレーションフラグ,SV理由
